fold,prototype_type,query_type,distance_metric,site_label,n_queries,top1_accuracy,top5_accuracy,mrr,mean_true_rank
A_EARLY_TO_MIDDLE,capture_median,capture,cosine,0,300,0.09666666666666666,0.41,0.2513424652599041,8.956666666666667
A_EARLY_TO_MIDDLE,capture_median,capture,cosine,10,326,0.18098159509202455,0.5214723926380368,0.3394144889715267,11.742331288343559
A_EARLY_TO_MIDDLE,capture_median,capture,cosine,102,317,0.28391167192429023,0.6403785488958991,0.4440311612606833,6.182965299684542
A_EARLY_TO_MIDDLE,capture_median,capture,cosine,104,327,0.07033639143730887,0.23853211009174313,0.17745099082791038,21.840978593272173
A_EARLY_TO_MIDDLE,capture_median,capture,cosine,105,243,0.12757201646090535,0.49382716049382713,0.2996963399765066,6.8765432098765435
A_EARLY_TO_MIDDLE,capture_median,capture,cosine,106,288,0.09375,0.6631944444444444,0.3283408431845932,4.909722222222222
A_EARLY_TO_MIDDLE,capture_median,capture,cosine,107,282,0.024822695035460994,0.2553191489361702,0.15625491036502495,11.861702127659575
A_EARLY_TO_MIDDLE,capture_median,capture,cosine,108,311,0.7684887459807074,0.77491961414791,0.7792218206466658,7.491961414790997
A_EARLY_TO_MIDDLE,capture_median,capture,cosine,109,325,0.15692307692307692,0.4646153846153846,0.30724803463848477,7.2615384615384615
A_EARLY_TO_MIDDLE,capture_median,capture,cosine,11,316,0.4778481012658228,0.7088607594936709,0.5855162381290453,8.64873417721519
A_EARLY_TO_MIDDLE,capture_median,capture,cosine,110,209,0.27751196172248804,0.7751196172248804,0.4301712191373886,7.440191387559809
A_EARLY_TO_MIDDLE,capture_median,capture,cosine,113,327,0.14067278287461774,0.41284403669724773,0.2871014449081713,8.883792048929664
A_EARLY_TO_MIDDLE,capture_median,capture,cosine,117,321,0.40498442367601245,1.0,0.6770508826583592,1.7476635514018692
A_EARLY_TO_MIDDLE,capture_median,capture,cosine,12,328,0.0,0.15548780487804878,0.10287683170082029,19.789634146341463
A_EARLY_TO_MIDDLE,capture_median,capture,cosine,14,276,0.25,0.4311594202898551,0.35103553087229883,13.355072463768115
A_EARLY_TO_MIDDLE,capture_median,capture,cosine,18,328,0.0701219512195122,0.39939024390243905,0.22759165899201428,21.609756097560975
A_EARLY_TO_MIDDLE,capture_median,capture,cosine,2,327,0.4617737003058104,0.9143730886850153,0.6205125744116571,2.636085626911315
A_EARLY_TO_MIDDLE,capture_median,capture,cosine,21,329,0.17325227963525835,0.47416413373860183,0.3260905139293013,9.610942249240122
A_EARLY_TO_MIDDLE,capture_median,capture,cosine,24,245,0.3795918367346939,0.5877551020408164,0.4846635262290036,5.820408163265306
A_EARLY_TO_MIDDLE,capture_median,capture,cosine,25,333,0.33633633633633636,0.46846846846846846,0.42551757260126816,10.0
A_EARLY_TO_MIDDLE,capture_median,capture,cosine,27,332,0.1144578313253012,0.4066265060240964,0.25191021798426466,17.129518072289155
A_EARLY_TO_MIDDLE,capture_median,capture,cosine,28,326,0.41411042944785276,0.5920245398773006,0.51642519460771,4.711656441717792
A_EARLY_TO_MIDDLE,capture_median,capture,cosine,29,329,0.0364741641337386,0.10030395136778116,0.10227904132286571,25.075987841945288
A_EARLY_TO_MIDDLE,capture_median,capture,cosine,31,272,0.3014705882352941,0.8051470588235294,0.5102337613367025,3.4926470588235294
A_EARLY_TO_MIDDLE,capture_median,capture,cosine,34,315,0.08571428571428572,0.2634920634920635,0.19206429501261865,18.406349206349205
A_EARLY_TO_MIDDLE,capture_median,capture,cosine,35,329,0.13069908814589665,0.39209726443769,0.26804223775684743,10.939209726443769
A_EARLY_TO_MIDDLE,capture_median,capture,cosine,36,323,0.3993808049535604,0.5572755417956656,0.4934984978244606,7.739938080495356
A_EARLY_TO_MIDDLE,capture_median,capture,cosine,37,333,0.1021021021021021,0.26426426426426425,0.20960939042212054,15.84084084084084
A_EARLY_TO_MIDDLE,capture_median,capture,cosine,39,325,0.29846153846153844,0.6030769230769231,0.4517963044556747,5.212307692307692
A_EARLY_TO_MIDDLE,capture_median,capture,cosine,40,323,0.018575851393188854,0.28173374613003094,0.14715029137165606,22.20123839009288
A_EARLY_TO_MIDDLE,capture_median,capture,cosine,41,253,0.391304347826087,0.6798418972332015,0.5311686288368255,6.517786561264822
A_EARLY_TO_MIDDLE,capture_median,capture,cosine,42,320,0.06875,0.6875,0.3191756854256854,4.615625
A_EARLY_TO_MIDDLE,capture_median,capture,cosine,43,316,0.38924050632911394,0.6993670886075949,0.5470247930690969,3.661392405063291
A_EARLY_TO_MIDDLE,capture_median,capture,cosine,45,297,0.11447811447811448,0.2996632996632997,0.22011509212887748,22.48148148148148
A_EARLY_TO_MIDDLE,capture_median,capture,cosine,46,305,0.003278688524590164,0.4163934426229508,0.18646202907774748,7.547540983606558
A_EARLY_TO_MIDDLE,capture_median,capture,cosine,47,326,0.05521472392638037,0.34049079754601225,0.1964282388036248,11.184049079754601
A_EARLY_TO_MIDDLE,capture_median,capture,cosine,48,314,0.0,0.0,0.054340639040021725,19.14968152866242
A_EARLY_TO_MIDDLE,capture_median,capture,cosine,50,326,0.0,0.02147239263803681,0.06973669945317523,19.116564417177916
A_EARLY_TO_MIDDLE,capture_median,capture,cosine,51,266,0.16165413533834586,0.6127819548872181,0.36402264012185553,4.7443609022556394
A_EARLY_TO_MIDDLE,capture_median,capture,cosine,52,325,0.07692307692307693,0.3415384615384615,0.21805370581039465,13.569230769230769
A_EARLY_TO_MIDDLE,capture_median,capture,cosine,53,326,0.2147239263803681,0.5,0.365634294651275,5.9815950920245395
A_EARLY_TO_MIDDLE,capture_median,capture,cosine,54,328,0.17378048780487804,0.6097560975609756,0.3964223890584962,7.0
A_EARLY_TO_MIDDLE,capture_median,capture,cosine,55,321,0.22118380062305296,0.4174454828660436,0.33591184739832675,13.077881619937695
A_EARLY_TO_MIDDLE,capture_median,capture,cosine,57,269,0.0,0.011152416356877323,0.06891250202999946,16.159851301115243
A_EARLY_TO_MIDDLE,capture_median,capture,cosine,6,286,0.12237762237762238,0.46153846153846156,0.2858948161395714,5.814685314685315
A_EARLY_TO_MIDDLE,capture_median,capture,cosine,60,332,0.006024096385542169,0.20180722891566266,0.12954774230242602,13.259036144578314
A_EARLY_TO_MIDDLE,capture_median,capture,cosine,61,330,0.4121212121212121,0.896969696969697,0.6129459711944412,3.2393939393939393
A_EARLY_TO_MIDDLE,capture_median,capture,cosine,63,331,0.01812688821752266,0.2809667673716012,0.17492149172732213,8.628398791540786
A_EARLY_TO_MIDDLE,capture_median,capture,cosine,68,330,0.07272727272727272,0.3151515151515151,0.19384342062039317,16.954545454545453
A_EARLY_TO_MIDDLE,capture_median,capture,cosine,7,328,0.2896341463414634,0.5335365853658537,0.3998636954480424,16.24390243902439
A_EARLY_TO_MIDDLE,capture_median,capture,cosine,71,329,0.48632218844984804,0.6534954407294833,0.5677769360349764,20.179331306990882
A_EARLY_TO_MIDDLE,capture_median,capture,cosine,72,304,0.03618421052631579,0.28618421052631576,0.16572115292279987,13.832236842105264
A_EARLY_TO_MIDDLE,capture_median,capture,cosine,76,296,0.13175675675675674,0.5135135135135135,0.3190848082098915,8.175675675675675
A_EARLY_TO_MIDDLE,capture_median,capture,cosine,77,302,0.1390728476821192,0.23841059602649006,0.210186293508715,23.705298013245034
A_EARLY_TO_MIDDLE,capture_median,capture,cosine,78,334,0.059880239520958084,0.4341317365269461,0.24498980239302712,10.790419161676647
A_EARLY_TO_MIDDLE,capture_median,capture,cosine,80,334,0.2904191616766467,0.5808383233532934,0.42794598232365344,7.38622754491018
A_EARLY_TO_MIDDLE,capture_median,capture,cosine,81,260,0.2153846153846154,0.7038461538461539,0.4518337029988614,4.719230769230769
A_EARLY_TO_MIDDLE,capture_median,capture,cosine,86,329,0.1945288753799392,1.0,0.5364741641337386,2.1702127659574466
A_EARLY_TO_MIDDLE,capture_median,capture,cosine,89,330,0.00909090909090909,0.1393939393939394,0.09902846836232027,18.757575757575758
A_EARLY_TO_MIDDLE,capture_median,capture,cosine,9,328,0.042682926829268296,0.38414634146341464,0.20618514036795643,11.801829268292684
A_EARLY_TO_MIDDLE,capture_median,capture,cosine,90,318,0.24528301886792453,0.4559748427672956,0.357684014641138,19.270440251572328
A_EARLY_TO_MIDDLE,capture_median,capture,cosine,92,235,0.14042553191489363,0.574468085106383,0.35352432784848303,6.208510638297873
A_EARLY_TO_MIDDLE,capture_median,capture,cosine,96,330,0.11818181818181818,0.5151515151515151,0.31947650811432493,6.375757575757576
A_EARLY_TO_MIDDLE,capture_median,capture,cosine,97,311,0.5916398713826366,1.0,0.7561629153269024,1.6463022508038585
A_EARLY_TO_MIDDLE,capture_median,capture,cosine,98,326,0.15644171779141106,0.3773006134969325,0.2674473690321684,13.230061349693251
A_EARLY_TO_MIDDLE,capture_median,capture,euclidean,0,300,0.11666666666666667,0.6466666666666666,0.34231097279626693,5.22
A_EARLY_TO_MIDDLE,capture_median,capture,euclidean,10,326,0.1441717791411043,0.5552147239263804,0.34109162050188063,9.343558282208589
A_EARLY_TO_MIDDLE,capture_median,capture,euclidean,102,317,0.21766561514195584,0.5583596214511041,0.37733523219594034,8.3596214511041
A_EARLY_TO_MIDDLE,capture_median,capture,euclidean,104,327,0.09174311926605505,0.37003058103975534,0.24882009457999765,9.501529051987768
A_EARLY_TO_MIDDLE,capture_median,capture,euclidean,105,243,0.13991769547325103,0.6213991769547325,0.3386408287642856,5.411522633744856
A_EARLY_TO_MIDDLE,capture_median,capture,euclidean,106,288,0.09375,0.5520833333333334,0.3095916859264221,5.645833333333333
A_EARLY_TO_MIDDLE,capture_median,capture,euclidean,107,282,0.028368794326241134,0.3404255319148936,0.18082240507326508,9.464539007092199
A_EARLY_TO_MIDDLE,capture_median,capture,euclidean,108,311,0.7427652733118971,0.7459807073954984,0.749476025583772,15.109324758842444
A_EARLY_TO_MIDDLE,capture_median,capture,euclidean,109,325,0.17846153846153845,0.36,0.2923862205721996,10.50153846153846
A_EARLY_TO_MIDDLE,capture_median,capture,euclidean,11,316,0.38924050632911394,0.5854430379746836,0.4821082132141817,11.949367088607595
A_EARLY_TO_MIDDLE,capture_median,capture,euclidean,110,209,0.13875598086124402,0.5406698564593302,0.26260510895431105,20.851674641148325
A_EARLY_TO_MIDDLE,capture_median,capture,euclidean,113,327,0.1559633027522936,0.42201834862385323,0.2926932054346555,11.724770642201834
A_EARLY_TO_MIDDLE,capture_median,capture,euclidean,117,321,0.3956386292834891,1.0,0.6744548286604362,1.7445482866043613
A_EARLY_TO_MIDDLE,capture_median,capture,euclidean,12,328,0.0,0.25609756097560976,0.11592045747127971,17.210365853658537
A_EARLY_TO_MIDDLE,capture_median,capture,euclidean,14,276,0.2427536231884058,0.44565217391304346,0.3606898023932633,9.144927536231885
A_EARLY_TO_MIDDLE,capture_median,capture,euclidean,18,328,0.09451219512195122,0.4451219512195122,0.2744108918417531,10.143292682926829
A_EARLY_TO_MIDDLE,capture_median,capture,euclidean,2,327,0.42813455657492355,0.8837920489296636,0.6000122635596405,3.235474006116208
A_EARLY_TO_MIDDLE,capture_median,capture,euclidean,21,329,0.19148936170212766,0.49848024316109424,0.3440214252493819,9.364741641337385
A_EARLY_TO_MIDDLE,capture_median,capture,euclidean,24,245,0.37551020408163266,0.5795918367346938,0.4840567685147909,6.33469387755102
A_EARLY_TO_MIDDLE,capture_median,capture,euclidean,25,333,0.37237237237237236,0.5525525525525525,0.4724779286364516,6.873873873873874
A_EARLY_TO_MIDDLE,capture_median,capture,euclidean,27,332,0.15060240963855423,0.4427710843373494,0.29409876674658986,10.960843373493976
A_EARLY_TO_MIDDLE,capture_median,capture,euclidean,28,326,0.3128834355828221,0.4570552147239264,0.40549550922506944,9.895705521472392
A_EARLY_TO_MIDDLE,capture_median,capture,euclidean,29,329,0.0425531914893617,0.1276595744680851,0.11369325224779396,23.10030395136778
A_EARLY_TO_MIDDLE,capture_median,capture,euclidean,31,272,0.3088235294117647,0.8088235294117647,0.5015648969206495,3.8088235294117645
A_EARLY_TO_MIDDLE,capture_median,capture,euclidean,34,315,0.09841269841269841,0.40634920634920635,0.2533734883020013,8.034920634920635
A_EARLY_TO_MIDDLE,capture_median,capture,euclidean,35,329,0.14285714285714285,0.5562310030395137,0.3261694219270464,6.0303951367781155
A_EARLY_TO_MIDDLE,capture_median,capture,euclidean,36,323,0.39009287925696595,0.5386996904024768,0.4699228418127874,11.380804953560371
A_EARLY_TO_MIDDLE,capture_median,capture,euclidean,37,333,0.12312312312312312,0.30930930930930933,0.2519165974236195,8.78078078078078
A_EARLY_TO_MIDDLE,capture_median,capture,euclidean,39,325,0.3261538461538461,0.6307692307692307,0.4750158968709753,5.572307692307692
A_EARLY_TO_MIDDLE,capture_median,capture,euclidean,40,323,0.01238390092879257,0.4520123839009288,0.17878973015565713,17.325077399380806
A_EARLY_TO_MIDDLE,capture_median,capture,euclidean,41,253,0.43478260869565216,0.6324110671936759,0.5337214923727894,9.707509881422926
A_EARLY_TO_MIDDLE,capture_median,capture,euclidean,42,320,0.24375,0.959375,0.49977058531746027,2.81875
A_EARLY_TO_MIDDLE,capture_median,capture,euclidean,43,316,0.5253164556962026,0.6740506329113924,0.6101034523205762,4.787974683544304
A_EARLY_TO_MIDDLE,capture_median,capture,euclidean,45,297,0.3400673400673401,0.43097643097643096,0.4091367165085946,12.582491582491583
A_EARLY_TO_MIDDLE,capture_median,capture,euclidean,46,305,0.019672131147540985,0.5344262295081967,0.23015751150099414,5.783606557377049
A_EARLY_TO_MIDDLE,capture_median,capture,euclidean,47,326,0.06134969325153374,0.3374233128834356,0.20722105585731912,10.420245398773005
A_EARLY_TO_MIDDLE,capture_median,capture,euclidean,48,314,0.0,0.25477707006369427,0.11871002092026516,11.968152866242038
A_EARLY_TO_MIDDLE,capture_median,capture,euclidean,50,326,0.015337423312883436,0.39263803680981596,0.22415339884215285,8.9079754601227
A_EARLY_TO_MIDDLE,capture_median,capture,euclidean,51,266,0.17293233082706766,0.7293233082706767,0.3945035323794722,4.56015037593985
A_EARLY_TO_MIDDLE,capture_median,capture,euclidean,52,325,0.08,0.37846153846153846,0.2431922064242717,10.350769230769231
A_EARLY_TO_MIDDLE,capture_median,capture,euclidean,53,326,0.24539877300613497,0.7147239263803681,0.4239251340318003,4.524539877300613
A_EARLY_TO_MIDDLE,capture_median,capture,euclidean,54,328,0.3018292682926829,0.7804878048780488,0.5129345753084767,4.676829268292683
A_EARLY_TO_MIDDLE,capture_median,capture,euclidean,55,321,0.21495327102803738,0.5389408099688473,0.3685451926440515,9.015576323987538
A_EARLY_TO_MIDDLE,capture_median,capture,euclidean,57,269,0.0037174721189591076,0.1449814126394052,0.11184928062884487,12.509293680297398
A_EARLY_TO_MIDDLE,capture_median,capture,euclidean,6,286,0.11888111888111888,0.7377622377622378,0.3374972229493045,5.059440559440559
A_EARLY_TO_MIDDLE,capture_median,capture,euclidean,60,332,0.08132530120481928,0.34036144578313254,0.2213365174763483,10.674698795180722
A_EARLY_TO_MIDDLE,capture_median,capture,euclidean,61,330,0.403030303030303,0.896969696969697,0.6173216151334501,3.2818181818181817
A_EARLY_TO_MIDDLE,capture_median,capture,euclidean,63,331,0.054380664652567974,0.5498489425981873,0.25811801723430805,5.604229607250756
A_EARLY_TO_MIDDLE,capture_median,capture,euclidean,68,330,0.08181818181818182,0.3606060606060606,0.22507008229530434,10.257575757575758
A_EARLY_TO_MIDDLE,capture_median,capture,euclidean,7,328,0.2896341463414634,0.5365853658536586,0.4028236478393785,14.042682926829269
A_EARLY_TO_MIDDLE,capture_median,capture,euclidean,71,329,0.47720364741641336,0.6261398176291794,0.5522036117020469,24.13677811550152
A_EARLY_TO_MIDDLE,capture_median,capture,euclidean,72,304,0.046052631578947366,0.5263157894736842,0.241192146721507,6.871710526315789
A_EARLY_TO_MIDDLE,capture_median,capture,euclidean,76,296,0.20945945945945946,0.5506756756756757,0.38028274997778094,7.412162162162162
A_EARLY_TO_MIDDLE,capture_median,capture,euclidean,77,302,0.1390728476821192,0.2185430463576159,0.19107010044584463,48.03973509933775
A_EARLY_TO_MIDDLE,capture_median,capture,euclidean,78,334,0.23353293413173654,0.5868263473053892,0.3963564875896791,6.529940119760479
A_EARLY_TO_MIDDLE,capture_median,capture,euclidean,80,334,0.24850299401197604,0.5748502994011976,0.4062892920082496,8.347305389221557
A_EARLY_TO_MIDDLE,capture_median,capture,euclidean,81,260,0.4230769230769231,0.7653846153846153,0.5699225806773736,4.230769230769231
A_EARLY_TO_MIDDLE,capture_median,capture,euclidean,86,329,0.26443768996960487,0.9969604863221885,0.5691995947315097,2.1306990881458967
A_EARLY_TO_MIDDLE,capture_median,capture,euclidean,89,330,0.01818181818181818,0.26666666666666666,0.17103698741361645,8.181818181818182
A_EARLY_TO_MIDDLE,capture_median,capture,euclidean,9,328,0.06097560975609756,0.4146341463414634,0.22727221312573218,11.216463414634147
A_EARLY_TO_MIDDLE,capture_median,capture,euclidean,90,318,0.24213836477987422,0.5157232704402516,0.3925304819061424,9.135220125786164
A_EARLY_TO_MIDDLE,capture_median,capture,euclidean,92,235,0.41702127659574467,0.6170212765957447,0.5344654222845712,4.693617021276595
A_EARLY_TO_MIDDLE,capture_median,capture,euclidean,96,330,0.12121212121212122,0.41515151515151516,0.29189428837732173,8.218181818181819
A_EARLY_TO_MIDDLE,capture_median,capture,euclidean,97,311,0.594855305466238,1.0,0.7569667738478028,1.6495176848874598
A_EARLY_TO_MIDDLE,capture_median,capture,euclidean,98,326,0.15337423312883436,0.36809815950920244,0.2645078445352605,12.791411042944786
A_EARLY_TO_MIDDLE,capture_median,daily_profile,cosine,0,14,0.5,1.0,0.6654761904761904,2.2142857142857144
A_EARLY_TO_MIDDLE,capture_median,daily_profile,cosine,10,14,0.5714285714285714,0.7857142857142857,0.6959706959706959,3.642857142857143
A_EARLY_TO_MIDDLE,capture_median,daily_profile,cosine,102,14,0.7142857142857143,0.7142857142857143,0.7426445578231292,4.0
A_EARLY_TO_MIDDLE,capture_median,daily_profile,cosine,104,14,0.5714285714285714,0.8571428571428571,0.6885174759558996,4.5
A_EARLY_TO_MIDDLE,capture_median,daily_profile,cosine,105,12,0.5833333333333334,0.8333333333333334,0.6646825396825397,3.1666666666666665
A_EARLY_TO_MIDDLE,capture_median,daily_profile,cosine,106,14,0.14285714285714285,1.0,0.5297619047619048,2.142857142857143
A_EARLY_TO_MIDDLE,capture_median,daily_profile,cosine,107,14,0.2857142857142857,0.7857142857142857,0.5087159863945578,3.7857142857142856
A_EARLY_TO_MIDDLE,capture_median,daily_profile,cosine,108,14,1.0,1.0,1.0,1.0
A_EARLY_TO_MIDDLE,capture_median,daily_profile,cosine,109,14,0.2857142857142857,0.6428571428571429,0.43163265306122456,4.642857142857143
A_EARLY_TO_MIDDLE,capture_median,daily_profile,cosine,11,14,0.9285714285714286,1.0,0.9464285714285714,1.2142857142857142
A_EARLY_TO_MIDDLE,capture_median,daily_profile,cosine,110,14,1.0,1.0,1.0,1.0
A_EARLY_TO_MIDDLE,capture_median,daily_profile,cosine,113,14,0.6428571428571429,0.9285714285714286,0.7445887445887446,2.2857142857142856
A_EARLY_TO_MIDDLE,capture_median,daily_profile,cosine,117,14,0.2857142857142857,1.0,0.6309523809523808,1.7857142857142858
A_EARLY_TO_MIDDLE,capture_median,daily_profile,cosine,12,14,0.2857142857142857,0.7857142857142857,0.49130076272933415,3.7857142857142856
A_EARLY_TO_MIDDLE,capture_median,daily_profile,cosine,14,14,0.6428571428571429,1.0,0.8095238095238095,1.4285714285714286
A_EARLY_TO_MIDDLE,capture_median,daily_profile,cosine,18,14,0.6428571428571429,0.7857142857142857,0.7255184331797235,5.714285714285714
A_EARLY_TO_MIDDLE,capture_median,daily_profile,cosine,2,14,0.8571428571428571,1.0,0.9166666666666667,1.2142857142857142
A_EARLY_TO_MIDDLE,capture_median,daily_profile,cosine,21,14,0.8571428571428571,0.9285714285714286,0.8993506493506492,1.7857142857142858
A_EARLY_TO_MIDDLE,capture_median,daily_profile,cosine,24,14,0.9285714285714286,1.0,0.9642857142857143,1.0714285714285714
A_EARLY_TO_MIDDLE,capture_median,daily_profile,cosine,25,14,0.7857142857142857,0.8571428571428571,0.8358585858585857,2.357142857142857
A_EARLY_TO_MIDDLE,capture_median,daily_profile,cosine,27,14,0.7857142857142857,0.7857142857142857,0.7966855220349008,5.071428571428571
A_EARLY_TO_MIDDLE,capture_median,daily_profile,cosine,28,14,0.2857142857142857,0.5714285714285714,0.4483843537414966,4.071428571428571
A_EARLY_TO_MIDDLE,capture_median,daily_profile,cosine,29,14,0.14285714285714285,0.14285714285714285,0.17386584110841216,24.142857142857142
A_EARLY_TO_MIDDLE,capture_median,daily_profile,cosine,31,14,0.7857142857142857,1.0,0.8928571428571429,1.2142857142857142
A_EARLY_TO_MIDDLE,capture_median,daily_profile,cosine,34,14,0.5714285714285714,0.7857142857142857,0.6774659863945579,4.785714285714286
A_EARLY_TO_MIDDLE,capture_median,daily_profile,cosine,35,14,0.5714285714285714,0.8571428571428571,0.7103174603174603,2.357142857142857
A_EARLY_TO_MIDDLE,capture_median,daily_profile,cosine,36,14,0.8571428571428571,0.9285714285714286,0.9047619047619049,1.4285714285714286
A_EARLY_TO_MIDDLE,capture_median,daily_profile,cosine,37,14,0.5,0.8571428571428571,0.6514550264550264,3.857142857142857
A_EARLY_TO_MIDDLE,capture_median,daily_profile,cosine,39,14,0.7857142857142857,1.0,0.8928571428571429,1.2142857142857142
A_EARLY_TO_MIDDLE,capture_median,daily_profile,cosine,40,14,0.42857142857142855,0.7142857142857143,0.5796130952380952,4.785714285714286
A_EARLY_TO_MIDDLE,capture_median,daily_profile,cosine,41,14,1.0,1.0,1.0,1.0
A_EARLY_TO_MIDDLE,capture_median,daily_profile,cosine,42,14,0.2857142857142857,1.0,0.5285714285714286,2.642857142857143
A_EARLY_TO_MIDDLE,capture_median,daily_profile,cosine,43,14,1.0,1.0,1.0,1.0
A_EARLY_TO_MIDDLE,capture_median,daily_profile,cosine,45,14,0.2857142857142857,0.5,0.3969600340136054,10.928571428571429
A_EARLY_TO_MIDDLE,capture_median,daily_profile,cosine,46,14,0.14285714285714285,0.9285714285714286,0.5190476190476191,2.5714285714285716
A_EARLY_TO_MIDDLE,capture_median,daily_profile,cosine,47,14,0.35714285714285715,0.9285714285714286,0.5702380952380952,3.0714285714285716
A_EARLY_TO_MIDDLE,capture_median,daily_profile,cosine,48,14,0.0,0.0,0.06289935830791647,16.428571428571427
A_EARLY_TO_MIDDLE,capture_median,daily_profile,cosine,50,14,0.21428571428571427,0.6428571428571429,0.3791975881261596,4.928571428571429
A_EARLY_TO_MIDDLE,capture_median,daily_profile,cosine,51,14,0.7142857142857143,1.0,0.8273809523809523,1.5
A_EARLY_TO_MIDDLE,capture_median,daily_profile,cosine,52,14,0.5714285714285714,0.8571428571428571,0.6822278911564627,2.642857142857143
A_EARLY_TO_MIDDLE,capture_median,daily_profile,cosine,53,14,0.9285714285714286,1.0,0.9428571428571428,1.2857142857142858
A_EARLY_TO_MIDDLE,capture_median,daily_profile,cosine,54,14,0.7857142857142857,1.0,0.8928571428571429,1.2142857142857142
A_EARLY_TO_MIDDLE,capture_median,daily_profile,cosine,55,14,0.5,0.8571428571428571,0.6663574520717378,3.142857142857143
A_EARLY_TO_MIDDLE,capture_median,daily_profile,cosine,57,14,0.0,0.0,0.06324537390713861,16.0
A_EARLY_TO_MIDDLE,capture_median,daily_profile,cosine,6,14,0.14285714285714285,0.7857142857142857,0.39948979591836736,3.5714285714285716
A_EARLY_TO_MIDDLE,capture_median,daily_profile,cosine,60,14,0.07142857142857142,0.14285714285714285,0.1588354032571193,12.071428571428571
A_EARLY_TO_MIDDLE,capture_median,daily_profile,cosine,61,14,1.0,1.0,1.0,1.0
A_EARLY_TO_MIDDLE,capture_median,daily_profile,cosine,63,14,0.21428571428571427,0.9285714285714286,0.46071428571428574,3.0
A_EARLY_TO_MIDDLE,capture_median,daily_profile,cosine,68,14,0.5,0.9285714285714286,0.7003968253968254,2.7857142857142856
A_EARLY_TO_MIDDLE,capture_median,daily_profile,cosine,7,14,0.7857142857142857,0.9285714285714286,0.865079365079365,1.7142857142857142
A_EARLY_TO_MIDDLE,capture_median,daily_profile,cosine,71,14,0.6428571428571429,0.6428571428571429,0.6484552154195011,23.428571428571427
A_EARLY_TO_MIDDLE,capture_median,daily_profile,cosine,72,14,0.7857142857142857,1.0,0.8928571428571429,1.2142857142857142
A_EARLY_TO_MIDDLE,capture_median,daily_profile,cosine,76,14,0.6428571428571429,0.8571428571428571,0.7519841269841271,2.2857142857142856
A_EARLY_TO_MIDDLE,capture_median,daily_profile,cosine,77,14,0.21428571428571427,0.21428571428571427,0.23194490692312483,38.07142857142857
A_EARLY_TO_MIDDLE,capture_median,daily_profile,cosine,78,14,0.14285714285714285,0.9285714285714286,0.4340136054421769,3.2142857142857144
A_EARLY_TO_MIDDLE,capture_median,daily_profile,cosine,80,14,0.35714285714285715,0.5,0.4422459484959485,6.642857142857143
A_EARLY_TO_MIDDLE,capture_median,daily_profile,cosine,81,14,0.7142857142857143,1.0,0.8357142857142856,1.5
A_EARLY_TO_MIDDLE,capture_median,daily_profile,cosine,86,14,0.35714285714285715,1.0,0.6666666666666666,1.7142857142857142
A_EARLY_TO_MIDDLE,capture_median,daily_profile,cosine,89,14,0.35714285714285715,0.7857142857142857,0.5204081632653061,3.5714285714285716
A_EARLY_TO_MIDDLE,capture_median,daily_profile,cosine,9,14,0.42857142857142855,0.7857142857142857,0.5983516483516483,4.357142857142857
A_EARLY_TO_MIDDLE,capture_median,daily_profile,cosine,90,14,0.7142857142857143,1.0,0.8142857142857143,1.7142857142857142
A_EARLY_TO_MIDDLE,capture_median,daily_profile,cosine,92,14,0.7142857142857143,1.0,0.7904761904761904,1.8571428571428572
A_EARLY_TO_MIDDLE,capture_median,daily_profile,cosine,96,14,0.42857142857142855,0.8571428571428571,0.5959183673469388,3.142857142857143
A_EARLY_TO_MIDDLE,capture_median,daily_profile,cosine,97,14,0.8571428571428571,1.0,0.9047619047619048,1.2857142857142858
A_EARLY_TO_MIDDLE,capture_median,daily_profile,cosine,98,14,0.5714285714285714,0.9285714285714286,0.7211309523809524,2.7142857142857144
A_EARLY_TO_MIDDLE,capture_median,daily_profile,euclidean,0,14,0.5,1.0,0.7202380952380952,1.7142857142857142
A_EARLY_TO_MIDDLE,capture_median,daily_profile,euclidean,10,14,0.6428571428571429,0.7857142857142857,0.7353174603174601,3.142857142857143
A_EARLY_TO_MIDDLE,capture_median,daily_profile,euclidean,102,14,0.5714285714285714,0.7142857142857143,0.6554260651629072,5.214285714285714
A_EARLY_TO_MIDDLE,capture_median,daily_profile,euclidean,104,14,0.5,0.8571428571428571,0.6709183673469388,2.357142857142857
A_EARLY_TO_MIDDLE,capture_median,daily_profile,euclidean,105,12,0.5833333333333334,0.9166666666666666,0.6909722222222222,2.4166666666666665
A_EARLY_TO_MIDDLE,capture_median,daily_profile,euclidean,106,14,0.14285714285714285,0.9285714285714286,0.5208333333333333,2.4285714285714284
A_EARLY_TO_MIDDLE,capture_median,daily_profile,euclidean,107,14,0.2857142857142857,0.8571428571428571,0.5178571428571429,3.2857142857142856
A_EARLY_TO_MIDDLE,capture_median,daily_profile,euclidean,108,14,1.0,1.0,1.0,1.0
A_EARLY_TO_MIDDLE,capture_median,daily_profile,euclidean,109,14,0.2857142857142857,0.42857142857142855,0.3885837668400694,6.0
A_EARLY_TO_MIDDLE,capture_median,daily_profile,euclidean,11,14,0.8571428571428571,0.9285714285714286,0.8898809523809523,1.6428571428571428
A_EARLY_TO_MIDDLE,capture_median,daily_profile,euclidean,110,14,0.7857142857142857,0.7857142857142857,0.7958139233954451,5.785714285714286
A_EARLY_TO_MIDDLE,capture_median,daily_profile,euclidean,113,14,0.7857142857142857,0.9285714285714286,0.8622448979591837,2.0714285714285716
A_EARLY_TO_MIDDLE,capture_median,daily_profile,euclidean,117,14,0.2857142857142857,1.0,0.619047619047619,1.8571428571428572
A_EARLY_TO_MIDDLE,capture_median,daily_profile,euclidean,12,14,0.2857142857142857,0.7857142857142857,0.47488226059654626,4.642857142857143
A_EARLY_TO_MIDDLE,capture_median,daily_profile,euclidean,14,14,0.6428571428571429,0.9285714285714286,0.7642857142857142,1.9285714285714286
A_EARLY_TO_MIDDLE,capture_median,daily_profile,euclidean,18,14,0.6428571428571429,0.7857142857142857,0.741612554112554,2.7142857142857144
A_EARLY_TO_MIDDLE,capture_median,daily_profile,euclidean,2,14,0.8571428571428571,1.0,0.9166666666666667,1.2142857142857142
A_EARLY_TO_MIDDLE,capture_median,daily_profile,euclidean,21,14,0.8571428571428571,0.9285714285714286,0.9030612244897959,1.5
A_EARLY_TO_MIDDLE,capture_median,daily_profile,euclidean,24,14,0.8571428571428571,1.0,0.9071428571428571,1.3571428571428572
A_EARLY_TO_MIDDLE,capture_median,daily_profile,euclidean,25,14,0.8571428571428571,0.9285714285714286,0.892857142857143,1.5
A_EARLY_TO_MIDDLE,capture_median,daily_profile,euclidean,27,14,0.7857142857142857,0.7857142857142857,0.8080738705738705,2.9285714285714284
A_EARLY_TO_MIDDLE,capture_median,daily_profile,euclidean,28,14,0.14285714285714285,0.14285714285714285,0.20795161324717973,14.0
A_EARLY_TO_MIDDLE,capture_median,daily_profile,euclidean,29,14,0.14285714285714285,0.14285714285714285,0.1758261456954449,23.857142857142858
A_EARLY_TO_MIDDLE,capture_median,daily_profile,euclidean,31,14,0.8571428571428571,1.0,0.9285714285714286,1.1428571428571428
A_EARLY_TO_MIDDLE,capture_median,daily_profile,euclidean,34,14,0.7142857142857143,0.8571428571428571,0.7702380952380953,2.4285714285714284
A_EARLY_TO_MIDDLE,capture_median,daily_profile,euclidean,35,14,0.6428571428571429,0.9285714285714286,0.7797619047619049,1.7857142857142858
A_EARLY_TO_MIDDLE,capture_median,daily_profile,euclidean,36,14,0.8571428571428571,1.0,0.9071428571428571,1.3571428571428572
A_EARLY_TO_MIDDLE,capture_median,daily_profile,euclidean,37,14,0.5714285714285714,0.9285714285714286,0.7357142857142857,2.2142857142857144
A_EARLY_TO_MIDDLE,capture_median,daily_profile,euclidean,39,14,0.9285714285714286,1.0,0.9464285714285714,1.2142857142857142
A_EARLY_TO_MIDDLE,capture_median,daily_profile,euclidean,40,14,0.42857142857142855,0.9285714285714286,0.6275510204081632,3.7857142857142856
A_EARLY_TO_MIDDLE,capture_median,daily_profile,euclidean,41,14,0.9285714285714286,1.0,0.9642857142857143,1.0714285714285714
A_EARLY_TO_MIDDLE,capture_median,daily_profile,euclidean,42,14,0.2857142857142857,1.0,0.6309523809523808,1.7857142857142858
A_EARLY_TO_MIDDLE,capture_median,daily_profile,euclidean,43,14,1.0,1.0,1.0,1.0
A_EARLY_TO_MIDDLE,capture_median,daily_profile,euclidean,45,14,0.42857142857142855,0.6428571428571429,0.5269995877138733,5.857142857142857
A_EARLY_TO_MIDDLE,capture_median,daily_profile,euclidean,46,14,0.6428571428571429,1.0,0.7857142857142857,1.6428571428571428
A_EARLY_TO_MIDDLE,capture_median,daily_profile,euclidean,47,14,0.42857142857142855,0.9285714285714286,0.6351540616246497,2.9285714285714284
A_EARLY_TO_MIDDLE,capture_median,daily_profile,euclidean,48,14,0.0,0.14285714285714285,0.11086347126263094,10.857142857142858
A_EARLY_TO_MIDDLE,capture_median,daily_profile,euclidean,50,14,0.21428571428571427,0.8571428571428571,0.4488095238095239,3.2857142857142856
A_EARLY_TO_MIDDLE,capture_median,daily_profile,euclidean,51,14,0.8571428571428571,1.0,0.9166666666666666,1.2142857142857142
A_EARLY_TO_MIDDLE,capture_median,daily_profile,euclidean,52,14,0.5714285714285714,0.9285714285714286,0.7047619047619048,2.142857142857143
A_EARLY_TO_MIDDLE,capture_median,daily_profile,euclidean,53,14,0.9285714285714286,1.0,0.9523809523809523,1.1428571428571428
A_EARLY_TO_MIDDLE,capture_median,daily_profile,euclidean,54,14,0.8571428571428571,1.0,0.9285714285714286,1.1428571428571428
A_EARLY_TO_MIDDLE,capture_median,daily_profile,euclidean,55,14,0.42857142857142855,0.8571428571428571,0.6037087912087912,3.142857142857143
A_EARLY_TO_MIDDLE,capture_median,daily_profile,euclidean,57,14,0.0,0.0,0.0798026378383521,13.285714285714286
A_EARLY_TO_MIDDLE,capture_median,daily_profile,euclidean,6,14,0.2857142857142857,1.0,0.555952380952381,2.357142857142857
A_EARLY_TO_MIDDLE,capture_median,daily_profile,euclidean,60,14,0.07142857142857142,0.14285714285714285,0.1855991230991231,9.071428571428571
A_EARLY_TO_MIDDLE,capture_median,daily_profile,euclidean,61,14,0.9285714285714286,1.0,0.9642857142857143,1.0714285714285714
A_EARLY_TO_MIDDLE,capture_median,daily_profile,euclidean,63,14,0.21428571428571427,1.0,0.4630952380952381,2.9285714285714284
A_EARLY_TO_MIDDLE,capture_median,daily_profile,euclidean,68,14,0.5,1.0,0.7166666666666667,1.7857142857142858
A_EARLY_TO_MIDDLE,capture_median,daily_profile,euclidean,7,14,0.7142857142857143,0.8571428571428571,0.8015873015873015,2.7142857142857144
A_EARLY_TO_MIDDLE,capture_median,daily_profile,euclidean,71,14,0.6428571428571429,0.6428571428571429,0.6483516483516484,23.857142857142858
A_EARLY_TO_MIDDLE,capture_median,daily_profile,euclidean,72,14,0.9285714285714286,1.0,0.9642857142857143,1.0714285714285714
A_EARLY_TO_MIDDLE,capture_median,daily_profile,euclidean,76,14,0.6428571428571429,0.9285714285714286,0.7648809523809524,2.0
A_EARLY_TO_MIDDLE,capture_median,daily_profile,euclidean,77,14,0.21428571428571427,0.21428571428571427,0.22714861901044564,48.214285714285715
A_EARLY_TO_MIDDLE,capture_median,daily_profile,euclidean,78,14,0.35714285714285715,1.0,0.5857142857142856,2.357142857142857
A_EARLY_TO_MIDDLE,capture_median,daily_profile,euclidean,80,14,0.35714285714285715,0.5,0.45370879120879115,6.857142857142857
A_EARLY_TO_MIDDLE,capture_median,daily_profile,euclidean,81,14,0.8571428571428571,1.0,0.9071428571428571,1.3571428571428572
A_EARLY_TO_MIDDLE,capture_median,daily_profile,euclidean,86,14,0.5,1.0,0.738095238095238,1.5714285714285714
A_EARLY_TO_MIDDLE,capture_median,daily_profile,euclidean,89,14,0.35714285714285715,0.9285714285714286,0.5922619047619048,2.5
A_EARLY_TO_MIDDLE,capture_median,daily_profile,euclidean,9,14,0.42857142857142855,0.7857142857142857,0.6178030303030303,3.2857142857142856
A_EARLY_TO_MIDDLE,capture_median,daily_profile,euclidean,90,14,0.7142857142857143,1.0,0.805952380952381,1.7142857142857142
A_EARLY_TO_MIDDLE,capture_median,daily_profile,euclidean,92,14,0.7857142857142857,1.0,0.863095238095238,1.4285714285714286
A_EARLY_TO_MIDDLE,capture_median,daily_profile,euclidean,96,14,0.42857142857142855,0.8571428571428571,0.5788548752834467,3.2142857142857144
A_EARLY_TO_MIDDLE,capture_median,daily_profile,euclidean,97,14,0.8571428571428571,1.0,0.9047619047619048,1.2857142857142858
A_EARLY_TO_MIDDLE,capture_median,daily_profile,euclidean,98,14,0.5,0.9285714285714286,0.691017316017316,2.357142857142857
A_EARLY_TO_MIDDLE,daily_balanced_median,capture,cosine,0,300,0.1,0.36,0.24581109097933118,9.513333333333334
A_EARLY_TO_MIDDLE,daily_balanced_median,capture,cosine,10,326,0.15644171779141106,0.5214723926380368,0.32129886316696776,11.702453987730062
A_EARLY_TO_MIDDLE,daily_balanced_median,capture,cosine,102,317,0.13564668769716087,0.5488958990536278,0.3380714599475105,6.993690851735016
A_EARLY_TO_MIDDLE,daily_balanced_median,capture,cosine,104,327,0.07339449541284404,0.24464831804281345,0.17921342762201548,21.63914373088685
A_EARLY_TO_MIDDLE,daily_balanced_median,capture,cosine,105,243,0.08641975308641975,0.46502057613168724,0.2577837023303904,7.11522633744856
A_EARLY_TO_MIDDLE,daily_balanced_median,capture,cosine,106,288,0.08680555555555555,0.5659722222222222,0.30548341511883176,5.517361111111111
A_EARLY_TO_MIDDLE,daily_balanced_median,capture,cosine,107,282,0.031914893617021274,0.32978723404255317,0.17595999098746595,11.73049645390071
A_EARLY_TO_MIDDLE,daily_balanced_median,capture,cosine,108,311,0.7684887459807074,0.7717041800643086,0.7785883283342515,7.594855305466238
A_EARLY_TO_MIDDLE,daily_balanced_median,capture,cosine,109,325,0.1753846153846154,0.4646153846153846,0.33039845038928156,7.110769230769231
A_EARLY_TO_MIDDLE,daily_balanced_median,capture,cosine,11,316,0.46835443037974683,0.6930379746835443,0.5758939310730519,8.693037974683545
A_EARLY_TO_MIDDLE,daily_balanced_median,capture,cosine,110,209,0.2727272727272727,0.7703349282296651,0.42865503838924934,7.248803827751196
A_EARLY_TO_MIDDLE,daily_balanced_median,capture,cosine,113,327,0.1743119266055046,0.3730886850152905,0.2970711901949422,9.418960244648318
A_EARLY_TO_MIDDLE,daily_balanced_median,capture,cosine,117,321,0.37694704049844235,1.0,0.6651090342679128,1.763239875389408
A_EARLY_TO_MIDDLE,daily_balanced_median,capture,cosine,12,328,0.018292682926829267,0.24390243902439024,0.15576895994715703,19.701219512195124
A_EARLY_TO_MIDDLE,daily_balanced_median,capture,cosine,14,276,0.2898550724637681,0.4057971014492754,0.3672664981351704,14.268115942028986
A_EARLY_TO_MIDDLE,daily_balanced_median,capture,cosine,18,328,0.006097560975609756,0.1676829268292683,0.1132764080812654,18.51219512195122
A_EARLY_TO_MIDDLE,daily_balanced_median,capture,cosine,2,327,0.4525993883792049,0.9113149847094801,0.6159735524414424,2.672782874617737
A_EARLY_TO_MIDDLE,daily_balanced_median,capture,cosine,21,329,0.17325227963525835,0.49240121580547114,0.33178554684343003,9.659574468085106
A_EARLY_TO_MIDDLE,daily_balanced_median,capture,cosine,24,245,0.37142857142857144,0.5510204081632653,0.4721272323609388,6.346938775510204
A_EARLY_TO_MIDDLE,daily_balanced_median,capture,cosine,25,333,0.33633633633633636,0.47147147147147145,0.4257701572981912,10.612612612612613
A_EARLY_TO_MIDDLE,daily_balanced_median,capture,cosine,27,332,0.1566265060240964,0.4457831325301205,0.29014767303629446,18.099397590361445
A_EARLY_TO_MIDDLE,daily_balanced_median,capture,cosine,28,326,0.4110429447852761,0.5736196319018405,0.5148824888472128,4.674846625766871
A_EARLY_TO_MIDDLE,daily_balanced_median,capture,cosine,29,329,0.0364741641337386,0.0911854103343465,0.09546078785717273,26.851063829787233
A_EARLY_TO_MIDDLE,daily_balanced_median,capture,cosine,31,272,0.29044117647058826,0.7279411764705882,0.46707988702473996,4.205882352941177
A_EARLY_TO_MIDDLE,daily_balanced_median,capture,cosine,34,315,0.10476190476190476,0.2984126984126984,0.2123754779601259,19.082539682539682
A_EARLY_TO_MIDDLE,daily_balanced_median,capture,cosine,35,329,0.1337386018237082,0.3860182370820669,0.2654722544382683,11.395136778115502
A_EARLY_TO_MIDDLE,daily_balanced_median,capture,cosine,36,323,0.39628482972136225,0.56656346749226,0.49161163198476215,8.31578947368421
A_EARLY_TO_MIDDLE,daily_balanced_median,capture,cosine,37,333,0.1111111111111111,0.30930930930930933,0.21935172225706268,16.234234234234233
A_EARLY_TO_MIDDLE,daily_balanced_median,capture,cosine,39,325,0.28923076923076924,0.5661538461538461,0.43165840380677256,5.664615384615384
A_EARLY_TO_MIDDLE,daily_balanced_median,capture,cosine,40,323,0.0,0.4613003095975232,0.14417218761686182,21.374613003095977
A_EARLY_TO_MIDDLE,daily_balanced_median,capture,cosine,41,253,0.3794466403162055,0.6600790513833992,0.514894423914243,6.683794466403162
A_EARLY_TO_MIDDLE,daily_balanced_median,capture,cosine,42,320,0.0625,0.665625,0.31263111020923523,4.821875
A_EARLY_TO_MIDDLE,daily_balanced_median,capture,cosine,43,316,0.4778481012658228,0.629746835443038,0.5854640349102375,3.911392405063291
A_EARLY_TO_MIDDLE,daily_balanced_median,capture,cosine,45,297,0.27946127946127947,0.38047138047138046,0.34360578289456895,24.858585858585858
A_EARLY_TO_MIDDLE,daily_balanced_median,capture,cosine,46,305,0.009836065573770493,0.36721311475409835,0.18591535990349167,8.170491803278688
A_EARLY_TO_MIDDLE,daily_balanced_median,capture,cosine,47,326,0.05828220858895705,0.36503067484662577,0.20893146228220166,11.306748466257668
A_EARLY_TO_MIDDLE,daily_balanced_median,capture,cosine,48,314,0.0,0.0,0.052034537463577085,20.226114649681527
A_EARLY_TO_MIDDLE,daily_balanced_median,capture,cosine,50,326,0.0,0.03987730061349693,0.07747139756290604,18.368098159509202
A_EARLY_TO_MIDDLE,daily_balanced_median,capture,cosine,51,266,0.16917293233082706,0.5789473684210527,0.3664102501508516,4.909774436090226
A_EARLY_TO_MIDDLE,daily_balanced_median,capture,cosine,52,325,0.10461538461538461,0.3384615384615385,0.23598166499304074,13.65846153846154
A_EARLY_TO_MIDDLE,daily_balanced_median,capture,cosine,53,326,0.19325153374233128,0.46319018404907975,0.33928804491505116,6.757668711656442
A_EARLY_TO_MIDDLE,daily_balanced_median,capture,cosine,54,328,0.14329268292682926,0.6371951219512195,0.37299814327748126,7.3932926829268295
A_EARLY_TO_MIDDLE,daily_balanced_median,capture,cosine,55,321,0.20249221183800623,0.42990654205607476,0.323693478823201,12.95638629283489
A_EARLY_TO_MIDDLE,daily_balanced_median,capture,cosine,57,269,0.0,0.0037174721189591076,0.06405312681391906,17.4089219330855
A_EARLY_TO_MIDDLE,daily_balanced_median,capture,cosine,6,286,0.1258741258741259,0.5594405594405595,0.346260921479453,6.36013986013986
A_EARLY_TO_MIDDLE,daily_balanced_median,capture,cosine,60,332,0.015060240963855422,0.28313253012048195,0.15640157714102673,14.081325301204819
A_EARLY_TO_MIDDLE,daily_balanced_median,capture,cosine,61,330,0.40606060606060607,0.8757575757575757,0.6039311141918093,3.3333333333333335
A_EARLY_TO_MIDDLE,daily_balanced_median,capture,cosine,63,331,0.03927492447129909,0.32628398791540786,0.19996405379475207,8.283987915407854
A_EARLY_TO_MIDDLE,daily_balanced_median,capture,cosine,68,330,0.05454545454545454,0.2606060606060606,0.1719924950655837,16.71818181818182
A_EARLY_TO_MIDDLE,daily_balanced_median,capture,cosine,7,328,0.29573170731707316,0.5335365853658537,0.40919501970891586,17.13719512195122
A_EARLY_TO_MIDDLE,daily_balanced_median,capture,cosine,71,329,0.45288753799392095,0.6504559270516718,0.5493666201496598,20.306990881458965
A_EARLY_TO_MIDDLE,daily_balanced_median,capture,cosine,72,304,0.01644736842105263,0.28289473684210525,0.15289431799336373,14.118421052631579
A_EARLY_TO_MIDDLE,daily_balanced_median,capture,cosine,76,296,0.060810810810810814,0.4391891891891892,0.26107078884710844,9.530405405405405
A_EARLY_TO_MIDDLE,daily_balanced_median,capture,cosine,77,302,0.1357615894039735,0.23509933774834438,0.2063682377571706,24.04635761589404
A_EARLY_TO_MIDDLE,daily_balanced_median,capture,cosine,78,334,0.16766467065868262,0.3652694610778443,0.2863367805076349,13.350299401197605
A_EARLY_TO_MIDDLE,daily_balanced_median,capture,cosine,80,334,0.32934131736526945,0.47904191616766467,0.41811088060921636,10.410179640718562
A_EARLY_TO_MIDDLE,daily_balanced_median,capture,cosine,81,260,0.27307692307692305,0.7153846153846154,0.468959851654392,4.769230769230769
A_EARLY_TO_MIDDLE,daily_balanced_median,capture,cosine,86,329,0.20364741641337386,1.0,0.5319148936170213,2.2158054711246202
A_EARLY_TO_MIDDLE,daily_balanced_median,capture,cosine,89,330,0.006060606060606061,0.08484848484848485,0.09771593026144472,16.112121212121213
A_EARLY_TO_MIDDLE,daily_balanced_median,capture,cosine,9,328,0.06097560975609756,0.4268292682926829,0.22542499139528174,12.28048780487805
A_EARLY_TO_MIDDLE,daily_balanced_median,capture,cosine,90,318,0.12578616352201258,0.4088050314465409,0.28173429794013694,18.644654088050313
A_EARLY_TO_MIDDLE,daily_balanced_median,capture,cosine,92,235,0.14893617021276595,0.5914893617021276,0.35852197204825487,6.004255319148936
A_EARLY_TO_MIDDLE,daily_balanced_median,capture,cosine,96,330,0.11212121212121212,0.5,0.30853905644188506,6.703030303030303
A_EARLY_TO_MIDDLE,daily_balanced_median,capture,cosine,97,311,0.5530546623794212,1.0,0.740085744908896,1.6655948553054662
A_EARLY_TO_MIDDLE,daily_balanced_median,capture,cosine,98,326,0.147239263803681,0.37116564417177916,0.2649936389962223,13.825153374233128
A_EARLY_TO_MIDDLE,daily_balanced_median,capture,euclidean,0,300,0.10666666666666667,0.5966666666666667,0.31665524527798977,5.616666666666666
A_EARLY_TO_MIDDLE,daily_balanced_median,capture,euclidean,10,326,0.11349693251533742,0.5521472392638037,0.3157968173134184,9.13803680981595
A_EARLY_TO_MIDDLE,daily_balanced_median,capture,euclidean,102,317,0.08832807570977919,0.416403785488959,0.2596603102712529,10.16403785488959
A_EARLY_TO_MIDDLE,daily_balanced_median,capture,euclidean,104,327,0.09785932721712538,0.36085626911314983,0.25319463426938094,9.198776758409785
A_EARLY_TO_MIDDLE,daily_balanced_median,capture,euclidean,105,243,0.09053497942386832,0.6296296296296297,0.30038973137193914,5.539094650205762
A_EARLY_TO_MIDDLE,daily_balanced_median,capture,euclidean,106,288,0.09027777777777778,0.4756944444444444,0.2928954223721423,6.21875
A_EARLY_TO_MIDDLE,daily_balanced_median,capture,euclidean,107,282,0.03900709219858156,0.35106382978723405,0.198697889206749,9.904255319148936
A_EARLY_TO_MIDDLE,daily_balanced_median,capture,euclidean,108,311,0.7427652733118971,0.7459807073954984,0.7489397211665884,15.093247588424438
A_EARLY_TO_MIDDLE,daily_balanced_median,capture,euclidean,109,325,0.2246153846153846,0.4430769230769231,0.3456275605810909,8.843076923076923
A_EARLY_TO_MIDDLE,daily_balanced_median,capture,euclidean,11,316,0.3639240506329114,0.5664556962025317,0.47333056898756176,11.560126582278482
A_EARLY_TO_MIDDLE,daily_balanced_median,capture,euclidean,110,209,0.12440191387559808,0.5741626794258373,0.2645497346706814,18.167464114832537
A_EARLY_TO_MIDDLE,daily_balanced_median,capture,euclidean,113,327,0.18654434250764526,0.382262996941896,0.29629031556990715,12.79816513761468
A_EARLY_TO_MIDDLE,daily_balanced_median,capture,euclidean,117,321,0.3426791277258567,1.0,0.6536863966770509,1.763239875389408
A_EARLY_TO_MIDDLE,daily_balanced_median,capture,euclidean,12,328,0.003048780487804878,0.4268292682926829,0.152028278643778,19.66768292682927
A_EARLY_TO_MIDDLE,daily_balanced_median,capture,euclidean,14,276,0.286231884057971,0.427536231884058,0.37307215101539765,10.36231884057971
A_EARLY_TO_MIDDLE,daily_balanced_median,capture,euclidean,18,328,0.012195121951219513,0.40853658536585363,0.18866254058541967,8.173780487804878
A_EARLY_TO_MIDDLE,daily_balanced_median,capture,euclidean,2,327,0.42507645259938837,0.8685015290519877,0.5945829639569521,3.253822629969419
A_EARLY_TO_MIDDLE,daily_balanced_median,capture,euclidean,21,329,0.18541033434650456,0.5288753799392097,0.3455938909113744,9.455927051671733
A_EARLY_TO_MIDDLE,daily_balanced_median,capture,euclidean,24,245,0.363265306122449,0.563265306122449,0.47101008986712006,6.808163265306122
A_EARLY_TO_MIDDLE,daily_balanced_median,capture,euclidean,25,333,0.3813813813813814,0.4804804804804805,0.4624910895084465,7.87987987987988
A_EARLY_TO_MIDDLE,daily_balanced_median,capture,euclidean,27,332,0.1927710843373494,0.463855421686747,0.3280427381685143,12.021084337349398
A_EARLY_TO_MIDDLE,daily_balanced_median,capture,euclidean,28,326,0.2791411042944785,0.4171779141104294,0.3685982631124456,10.831288343558283
A_EARLY_TO_MIDDLE,daily_balanced_median,capture,euclidean,29,329,0.0364741641337386,0.0972644376899696,0.10241051360477799,24.52887537993921
A_EARLY_TO_MIDDLE,daily_balanced_median,capture,euclidean,31,272,0.30514705882352944,0.6323529411764706,0.45610620093776943,4.698529411764706
A_EARLY_TO_MIDDLE,daily_balanced_median,capture,euclidean,34,315,0.11746031746031746,0.4031746031746032,0.2641338709034531,9.006349206349206
A_EARLY_TO_MIDDLE,daily_balanced_median,capture,euclidean,35,329,0.1580547112462006,0.48936170212765956,0.3197202328820323,6.680851063829787
A_EARLY_TO_MIDDLE,daily_balanced_median,capture,euclidean,36,323,0.38699690402476783,0.5232198142414861,0.46438340366796865,12.969040247678018
A_EARLY_TO_MIDDLE,daily_balanced_median,capture,euclidean,37,333,0.12012012012012012,0.35135135135135137,0.25465953926300766,9.60960960960961
A_EARLY_TO_MIDDLE,daily_balanced_median,capture,euclidean,39,325,0.32,0.6,0.4551884995080754,6.206153846153846
A_EARLY_TO_MIDDLE,daily_balanced_median,capture,euclidean,40,323,0.0030959752321981426,0.46439628482972134,0.20306739437899166,19.625386996904023
A_EARLY_TO_MIDDLE,daily_balanced_median,capture,euclidean,41,253,0.39920948616600793,0.6245059288537549,0.5114936330532729,9.296442687747035
A_EARLY_TO_MIDDLE,daily_balanced_median,capture,euclidean,42,320,0.178125,0.9375,0.4613876488095238,2.978125
A_EARLY_TO_MIDDLE,daily_balanced_median,capture,euclidean,43,316,0.5632911392405063,0.6455696202531646,0.6244796157295668,5.170886075949367
A_EARLY_TO_MIDDLE,daily_balanced_median,capture,euclidean,45,297,0.3771043771043771,0.43097643097643096,0.42709017612257877,14.609427609427609
A_EARLY_TO_MIDDLE,daily_balanced_median,capture,euclidean,46,305,0.022950819672131147,0.4885245901639344,0.22236677029709817,6.363934426229508
A_EARLY_TO_MIDDLE,daily_balanced_median,capture,euclidean,47,326,0.05521472392638037,0.38650306748466257,0.21393458711957705,11.269938650306749
A_EARLY_TO_MIDDLE,daily_balanced_median,capture,euclidean,48,314,0.0,0.09235668789808917,0.09721295827216912,12.726114649681529
A_EARLY_TO_MIDDLE,daily_balanced_median,capture,euclidean,50,326,0.0,0.3773006134969325,0.18058064456273484,8.536809815950921
A_EARLY_TO_MIDDLE,daily_balanced_median,capture,euclidean,51,266,0.15413533834586465,0.7368421052631579,0.3941407919898382,4.43984962406015
A_EARLY_TO_MIDDLE,daily_balanced_median,capture,euclidean,52,325,0.10461538461538461,0.3630769230769231,0.24988476250351307,11.218461538461538
A_EARLY_TO_MIDDLE,daily_balanced_median,capture,euclidean,53,326,0.22085889570552147,0.5245398773006135,0.3817878264007345,5.361963190184049
A_EARLY_TO_MIDDLE,daily_balanced_median,capture,euclidean,54,328,0.21036585365853658,0.7591463414634146,0.47003649432689165,4.966463414634147
A_EARLY_TO_MIDDLE,daily_balanced_median,capture,euclidean,55,321,0.2087227414330218,0.5015576323987538,0.36403054742505425,9.161993769470405
A_EARLY_TO_MIDDLE,daily_balanced_median,capture,euclidean,57,269,0.0037174721189591076,0.06691449814126393,0.09666242916317601,13.769516728624536
A_EARLY_TO_MIDDLE,daily_balanced_median,capture,euclidean,6,286,0.26573426573426573,0.6083916083916084,0.4421320413954618,5.006993006993007
A_EARLY_TO_MIDDLE,daily_balanced_median,capture,euclidean,60,332,0.08433734939759036,0.3704819277108434,0.23249450661437635,11.61144578313253
A_EARLY_TO_MIDDLE,daily_balanced_median,capture,euclidean,61,330,0.3333333333333333,0.896969696969697,0.5702611884885287,3.484848484848485
A_EARLY_TO_MIDDLE,daily_balanced_median,capture,euclidean,63,331,0.02416918429003021,0.622356495468278,0.25540437225124774,5.262839879154079
A_EARLY_TO_MIDDLE,daily_balanced_median,capture,euclidean,68,330,0.06363636363636363,0.3393939393939394,0.20913243383439523,10.078787878787878
A_EARLY_TO_MIDDLE,daily_balanced_median,capture,euclidean,7,328,0.3048780487804878,0.5365853658536586,0.41907011142048656,13.695121951219512
A_EARLY_TO_MIDDLE,daily_balanced_median,capture,euclidean,71,329,0.46808510638297873,0.6200607902735562,0.5437140857743166,24.319148936170212
A_EARLY_TO_MIDDLE,daily_balanced_median,capture,euclidean,72,304,0.023026315789473683,0.46381578947368424,0.21290603896930851,7.519736842105263
A_EARLY_TO_MIDDLE,daily_balanced_median,capture,euclidean,76,296,0.12837837837837837,0.5067567567567568,0.3103559575585516,8.858108108108109
A_EARLY_TO_MIDDLE,daily_balanced_median,capture,euclidean,77,302,0.1357615894039735,0.2185430463576159,0.18764488124904607,48.01655629139073
A_EARLY_TO_MIDDLE,daily_balanced_median,capture,euclidean,78,334,0.2125748502994012,0.47305389221556887,0.35611312604211665,8.359281437125748
A_EARLY_TO_MIDDLE,daily_balanced_median,capture,euclidean,80,334,0.2994011976047904,0.47005988023952094,0.39495930958006314,12.074850299401197
A_EARLY_TO_MIDDLE,daily_balanced_median,capture,euclidean,81,260,0.4230769230769231,0.7730769230769231,0.5682522870882785,4.165384615384616
A_EARLY_TO_MIDDLE,daily_balanced_median,capture,euclidean,86,329,0.2857142857142857,0.9969604863221885,0.5706686930091185,2.1702127659574466
A_EARLY_TO_MIDDLE,daily_balanced_median,capture,euclidean,89,330,0.015151515151515152,0.4303030303030303,0.20316180162068512,8.969696969696969
A_EARLY_TO_MIDDLE,daily_balanced_median,capture,euclidean,9,328,0.0701219512195122,0.4329268292682927,0.2373437713785269,12.237804878048781
A_EARLY_TO_MIDDLE,daily_balanced_median,capture,euclidean,90,318,0.14779874213836477,0.5125786163522013,0.33432507238190523,8.632075471698114
A_EARLY_TO_MIDDLE,daily_balanced_median,capture,euclidean,92,235,0.37872340425531914,0.6382978723404256,0.523816479029245,4.412765957446808
A_EARLY_TO_MIDDLE,daily_balanced_median,capture,euclidean,96,330,0.11515151515151516,0.41818181818181815,0.2806699935500801,8.424242424242424
A_EARLY_TO_MIDDLE,daily_balanced_median,capture,euclidean,97,311,0.572347266881029,1.0,0.7516077170418006,1.6366559485530547
A_EARLY_TO_MIDDLE,daily_balanced_median,capture,euclidean,98,326,0.16257668711656442,0.36503067484662577,0.2678025772529678,13.757668711656441
A_EARLY_TO_MIDDLE,daily_balanced_median,daily_profile,cosine,0,14,0.5,0.8571428571428571,0.6488095238095237,2.7142857142857144
A_EARLY_TO_MIDDLE,daily_balanced_median,daily_profile,cosine,10,14,0.6428571428571429,0.7857142857142857,0.7313757670900527,3.642857142857143
A_EARLY_TO_MIDDLE,daily_balanced_median,daily_profile,cosine,102,14,0.42857142857142855,0.7142857142857143,0.5965277777777777,4.5
A_EARLY_TO_MIDDLE,daily_balanced_median,daily_profile,cosine,104,14,0.5714285714285714,0.7857142857142857,0.6783424908424909,4.428571428571429
A_EARLY_TO_MIDDLE,daily_balanced_median,daily_profile,cosine,105,12,0.5,0.8333333333333334,0.6493055555555555,2.6666666666666665
A_EARLY_TO_MIDDLE,daily_balanced_median,daily_profile,cosine,106,14,0.14285714285714285,0.9285714285714286,0.49472789115646254,2.642857142857143
A_EARLY_TO_MIDDLE,daily_balanced_median,daily_profile,cosine,107,14,0.35714285714285715,0.7857142857142857,0.5405612244897959,4.142857142857143
A_EARLY_TO_MIDDLE,daily_balanced_median,daily_profile,cosine,108,14,1.0,1.0,1.0,1.0
A_EARLY_TO_MIDDLE,daily_balanced_median,daily_profile,cosine,109,14,0.42857142857142855,0.9285714285714286,0.5773809523809523,3.142857142857143
A_EARLY_TO_MIDDLE,daily_balanced_median,daily_profile,cosine,11,14,0.9285714285714286,1.0,0.9464285714285714,1.2142857142857142
A_EARLY_TO_MIDDLE,daily_balanced_median,daily_profile,cosine,110,14,0.9285714285714286,1.0,0.9642857142857143,1.0714285714285714
A_EARLY_TO_MIDDLE,daily_balanced_median,daily_profile,cosine,113,14,0.6428571428571429,0.9285714285714286,0.7386363636363636,2.357142857142857
A_EARLY_TO_MIDDLE,daily_balanced_median,daily_profile,cosine,117,14,0.42857142857142855,1.0,0.7023809523809524,1.6428571428571428
A_EARLY_TO_MIDDLE,daily_balanced_median,daily_profile,cosine,12,14,0.2857142857142857,0.7857142857142857,0.49427437641723343,5.5
A_EARLY_TO_MIDDLE,daily_balanced_median,daily_profile,cosine,14,14,0.6428571428571429,1.0,0.8214285714285714,1.3571428571428572
A_EARLY_TO_MIDDLE,daily_balanced_median,daily_profile,cosine,18,14,0.2857142857142857,0.7142857142857143,0.4939935064935065,3.7142857142857144
A_EARLY_TO_MIDDLE,daily_balanced_median,daily_profile,cosine,2,14,0.8571428571428571,1.0,0.9166666666666667,1.2142857142857142
A_EARLY_TO_MIDDLE,daily_balanced_median,daily_profile,cosine,21,14,0.9285714285714286,0.9285714285714286,0.935064935064935,1.7142857142857142
A_EARLY_TO_MIDDLE,daily_balanced_median,daily_profile,cosine,24,14,0.8571428571428571,1.0,0.9047619047619048,1.2857142857142858
A_EARLY_TO_MIDDLE,daily_balanced_median,daily_profile,cosine,25,14,0.7142857142857143,0.8571428571428571,0.7971611721611721,2.7857142857142856
A_EARLY_TO_MIDDLE,daily_balanced_median,daily_profile,cosine,27,14,0.7857142857142857,0.7857142857142857,0.7953042328042328,5.714285714285714
A_EARLY_TO_MIDDLE,daily_balanced_median,daily_profile,cosine,28,14,0.2857142857142857,0.7142857142857143,0.4578231292517007,3.7142857142857144
A_EARLY_TO_MIDDLE,daily_balanced_median,daily_profile,cosine,29,14,0.14285714285714285,0.14285714285714285,0.1726205848285937,25.071428571428573
A_EARLY_TO_MIDDLE,daily_balanced_median,daily_profile,cosine,31,14,0.8571428571428571,1.0,0.9166666666666666,1.2142857142857142
A_EARLY_TO_MIDDLE,daily_balanced_median,daily_profile,cosine,34,14,0.5,0.7857142857142857,0.6474751439037154,4.928571428571429
A_EARLY_TO_MIDDLE,daily_balanced_median,daily_profile,cosine,35,14,0.6428571428571429,0.8571428571428571,0.7571428571428572,2.2857142857142856
A_EARLY_TO_MIDDLE,daily_balanced_median,daily_profile,cosine,36,14,0.8571428571428571,0.9285714285714286,0.9047619047619049,1.4285714285714286
A_EARLY_TO_MIDDLE,daily_balanced_median,daily_profile,cosine,37,14,0.35714285714285715,0.8571428571428571,0.5745718977246072,4.285714285714286
A_EARLY_TO_MIDDLE,daily_balanced_median,daily_profile,cosine,39,14,0.7142857142857143,0.9285714285714286,0.8035714285714285,1.7857142857142858
A_EARLY_TO_MIDDLE,daily_balanced_median,daily_profile,cosine,40,14,0.6428571428571429,0.9285714285714286,0.7758503401360545,3.7857142857142856
A_EARLY_TO_MIDDLE,daily_balanced_median,daily_profile,cosine,41,14,1.0,1.0,1.0,1.0
A_EARLY_TO_MIDDLE,daily_balanced_median,daily_profile,cosine,42,14,0.21428571428571427,0.7857142857142857,0.49489795918367346,3.0714285714285716
A_EARLY_TO_MIDDLE,daily_balanced_median,daily_profile,cosine,43,14,1.0,1.0,1.0,1.0
A_EARLY_TO_MIDDLE,daily_balanced_median,daily_profile,cosine,45,14,0.21428571428571427,0.35714285714285715,0.29129101370642724,18.142857142857142
A_EARLY_TO_MIDDLE,daily_balanced_median,daily_profile,cosine,46,14,0.07142857142857142,0.9285714285714286,0.44761904761904764,2.9285714285714284
A_EARLY_TO_MIDDLE,daily_balanced_median,daily_profile,cosine,47,14,0.35714285714285715,0.9285714285714286,0.5815826330532212,3.142857142857143
A_EARLY_TO_MIDDLE,daily_balanced_median,daily_profile,cosine,48,14,0.0,0.0,0.05738130180301786,18.0
A_EARLY_TO_MIDDLE,daily_balanced_median,daily_profile,cosine,50,14,0.21428571428571427,0.7857142857142857,0.4662087912087912,3.642857142857143
A_EARLY_TO_MIDDLE,daily_balanced_median,daily_profile,cosine,51,14,0.7857142857142857,0.9285714285714286,0.8511904761904763,1.6428571428571428
A_EARLY_TO_MIDDLE,daily_balanced_median,daily_profile,cosine,52,14,0.5,0.7857142857142857,0.6547619047619049,2.5
A_EARLY_TO_MIDDLE,daily_balanced_median,daily_profile,cosine,53,14,0.9285714285714286,0.9285714285714286,0.9404761904761906,1.3571428571428572
A_EARLY_TO_MIDDLE,daily_balanced_median,daily_profile,cosine,54,14,0.42857142857142855,1.0,0.7142857142857143,1.5714285714285714
A_EARLY_TO_MIDDLE,daily_balanced_median,daily_profile,cosine,55,14,0.6428571428571429,0.8571428571428571,0.7398268398268399,2.7142857142857144
A_EARLY_TO_MIDDLE,daily_balanced_median,daily_profile,cosine,57,14,0.0,0.0,0.05940740331220207,17.285714285714285
A_EARLY_TO_MIDDLE,daily_balanced_median,daily_profile,cosine,6,14,0.42857142857142855,0.6428571428571429,0.5518707482993197,4.142857142857143
A_EARLY_TO_MIDDLE,daily_balanced_median,daily_profile,cosine,60,14,0.07142857142857142,0.14285714285714285,0.14362356094443665,14.357142857142858
A_EARLY_TO_MIDDLE,daily_balanced_median,daily_profile,cosine,61,14,1.0,1.0,1.0,1.0
A_EARLY_TO_MIDDLE,daily_balanced_median,daily_profile,cosine,63,14,0.21428571428571427,0.9285714285714286,0.4726190476190476,2.9285714285714284
A_EARLY_TO_MIDDLE,daily_balanced_median,daily_profile,cosine,68,14,0.5714285714285714,0.9285714285714286,0.7537593984962406,2.642857142857143
A_EARLY_TO_MIDDLE,daily_balanced_median,daily_profile,cosine,7,14,0.7857142857142857,0.9285714285714286,0.8616071428571429,2.2142857142857144
A_EARLY_TO_MIDDLE,daily_balanced_median,daily_profile,cosine,71,14,0.6428571428571429,0.6428571428571429,0.6484552154195011,23.428571428571427
A_EARLY_TO_MIDDLE,daily_balanced_median,daily_profile,cosine,72,14,0.7857142857142857,1.0,0.880952380952381,1.2857142857142858
A_EARLY_TO_MIDDLE,daily_balanced_median,daily_profile,cosine,76,14,0.2857142857142857,0.6428571428571429,0.4781746031746032,4.0
A_EARLY_TO_MIDDLE,daily_balanced_median,daily_profile,cosine,77,14,0.21428571428571427,0.21428571428571427,0.23279472674722873,36.714285714285715
A_EARLY_TO_MIDDLE,daily_balanced_median,daily_profile,cosine,78,14,0.14285714285714285,0.35714285714285715,0.2620748299319728,8.142857142857142
A_EARLY_TO_MIDDLE,daily_balanced_median,daily_profile,cosine,80,14,0.2857142857142857,0.42857142857142855,0.3574162303247884,10.928571428571429
A_EARLY_TO_MIDDLE,daily_balanced_median,daily_profile,cosine,81,14,0.7142857142857143,1.0,0.8357142857142856,1.5
A_EARLY_TO_MIDDLE,daily_balanced_median,daily_profile,cosine,86,14,0.42857142857142855,1.0,0.6666666666666666,1.8571428571428572
A_EARLY_TO_MIDDLE,daily_balanced_median,daily_profile,cosine,89,14,0.14285714285714285,0.5,0.33895073180787466,6.142857142857143
A_EARLY_TO_MIDDLE,daily_balanced_median,daily_profile,cosine,9,14,0.42857142857142855,0.7857142857142857,0.5973989595838335,4.571428571428571
A_EARLY_TO_MIDDLE,daily_balanced_median,daily_profile,cosine,90,14,0.7857142857142857,1.0,0.8535714285714285,1.5714285714285714
A_EARLY_TO_MIDDLE,daily_balanced_median,daily_profile,cosine,92,14,0.7142857142857143,0.8571428571428571,0.7702380952380953,2.2142857142857144
A_EARLY_TO_MIDDLE,daily_balanced_median,daily_profile,cosine,96,14,0.42857142857142855,0.7857142857142857,0.5770691609977324,3.357142857142857
A_EARLY_TO_MIDDLE,daily_balanced_median,daily_profile,cosine,97,14,0.7857142857142857,1.0,0.8809523809523808,1.2857142857142858
A_EARLY_TO_MIDDLE,daily_balanced_median,daily_profile,cosine,98,14,0.5,0.8571428571428571,0.6694302721088435,3.0
A_EARLY_TO_MIDDLE,daily_balanced_median,daily_profile,euclidean,0,14,0.5714285714285714,1.0,0.7380952380952381,1.7857142857142858
A_EARLY_TO_MIDDLE,daily_balanced_median,daily_profile,euclidean,10,14,0.5714285714285714,0.7857142857142857,0.6987012987012987,3.2857142857142856
A_EARLY_TO_MIDDLE,daily_balanced_median,daily_profile,euclidean,102,14,0.35714285714285715,0.6428571428571429,0.5310626674912389,6.071428571428571
A_EARLY_TO_MIDDLE,daily_balanced_median,daily_profile,euclidean,104,14,0.6428571428571429,0.8571428571428571,0.7324263038548752,2.5
A_EARLY_TO_MIDDLE,daily_balanced_median,daily_profile,euclidean,105,12,0.6666666666666666,0.9166666666666666,0.7569444444444445,2.0
A_EARLY_TO_MIDDLE,daily_balanced_median,daily_profile,euclidean,106,14,0.14285714285714285,0.8571428571428571,0.4865079365079365,2.9285714285714284
A_EARLY_TO_MIDDLE,daily_balanced_median,daily_profile,euclidean,107,14,0.42857142857142855,0.7857142857142857,0.5837585034013605,3.5714285714285716
A_EARLY_TO_MIDDLE,daily_balanced_median,daily_profile,euclidean,108,14,1.0,1.0,1.0,1.0
A_EARLY_TO_MIDDLE,daily_balanced_median,daily_profile,euclidean,109,14,0.42857142857142855,0.9285714285714286,0.576530612244898,3.2857142857142856
A_EARLY_TO_MIDDLE,daily_balanced_median,daily_profile,euclidean,11,14,0.8571428571428571,0.9285714285714286,0.8880952380952382,1.7857142857142858
A_EARLY_TO_MIDDLE,daily_balanced_median,daily_profile,euclidean,110,14,0.7857142857142857,0.8571428571428571,0.8273809523809523,2.2857142857142856
A_EARLY_TO_MIDDLE,daily_balanced_median,daily_profile,euclidean,113,14,0.6428571428571429,0.9285714285714286,0.7544642857142857,2.5714285714285716
A_EARLY_TO_MIDDLE,daily_balanced_median,daily_profile,euclidean,117,14,0.42857142857142855,1.0,0.7142857142857143,1.5714285714285714
A_EARLY_TO_MIDDLE,daily_balanced_median,daily_profile,euclidean,12,14,0.21428571428571427,0.6428571428571429,0.3822817049525124,8.214285714285714
A_EARLY_TO_MIDDLE,daily_balanced_median,daily_profile,euclidean,14,14,0.6428571428571429,0.9285714285714286,0.7678571428571429,1.8571428571428572
A_EARLY_TO_MIDDLE,daily_balanced_median,daily_profile,euclidean,18,14,0.21428571428571427,0.9285714285714286,0.5202380952380953,2.5714285714285716
A_EARLY_TO_MIDDLE,daily_balanced_median,daily_profile,euclidean,2,14,0.8571428571428571,1.0,0.9166666666666667,1.2142857142857142
A_EARLY_TO_MIDDLE,daily_balanced_median,daily_profile,euclidean,21,14,0.8571428571428571,0.9285714285714286,0.888888888888889,1.7142857142857142
A_EARLY_TO_MIDDLE,daily_balanced_median,daily_profile,euclidean,24,14,0.8571428571428571,1.0,0.8988095238095237,1.3571428571428572
A_EARLY_TO_MIDDLE,daily_balanced_median,daily_profile,euclidean,25,14,0.7857142857142857,0.8571428571428571,0.8398268398268397,2.142857142857143
A_EARLY_TO_MIDDLE,daily_balanced_median,daily_profile,euclidean,27,14,0.7857142857142857,0.7857142857142857,0.8008737585943468,3.9285714285714284
A_EARLY_TO_MIDDLE,daily_balanced_median,daily_profile,euclidean,28,14,0.14285714285714285,0.14285714285714285,0.20413496538966466,15.142857142857142
A_EARLY_TO_MIDDLE,daily_balanced_median,daily_profile,euclidean,29,14,0.14285714285714285,0.14285714285714285,0.17261574336816668,25.357142857142858
A_EARLY_TO_MIDDLE,daily_balanced_median,daily_profile,euclidean,31,14,0.8571428571428571,1.0,0.9071428571428571,1.3571428571428572
A_EARLY_TO_MIDDLE,daily_balanced_median,daily_profile,euclidean,34,14,0.6428571428571429,0.8571428571428571,0.7309523809523809,2.7857142857142856
A_EARLY_TO_MIDDLE,daily_balanced_median,daily_profile,euclidean,35,14,0.6428571428571429,0.9285714285714286,0.7959183673469388,1.7142857142857142
A_EARLY_TO_MIDDLE,daily_balanced_median,daily_profile,euclidean,36,14,0.7857142857142857,0.9285714285714286,0.865079365079365,1.7142857142857142
A_EARLY_TO_MIDDLE,daily_balanced_median,daily_profile,euclidean,37,14,0.35714285714285715,0.9285714285714286,0.6031135531135531,2.7857142857142856
A_EARLY_TO_MIDDLE,daily_balanced_median,daily_profile,euclidean,39,14,0.7857142857142857,1.0,0.8357142857142856,1.7142857142857142
A_EARLY_TO_MIDDLE,daily_balanced_median,daily_profile,euclidean,40,14,0.35714285714285715,0.7857142857142857,0.5669488169488169,5.357142857142857
A_EARLY_TO_MIDDLE,daily_balanced_median,daily_profile,euclidean,41,14,0.9285714285714286,1.0,0.9523809523809524,1.1428571428571428
A_EARLY_TO_MIDDLE,daily_balanced_median,daily_profile,euclidean,42,14,0.2857142857142857,1.0,0.619047619047619,1.8571428571428572
A_EARLY_TO_MIDDLE,daily_balanced_median,daily_profile,euclidean,43,14,1.0,1.0,1.0,1.0
A_EARLY_TO_MIDDLE,daily_balanced_median,daily_profile,euclidean,45,14,0.21428571428571427,0.42857142857142855,0.3422770774976657,9.642857142857142
A_EARLY_TO_MIDDLE,daily_balanced_median,daily_profile,euclidean,46,14,0.42857142857142855,0.9285714285714286,0.6666666666666666,2.0
A_EARLY_TO_MIDDLE,daily_balanced_median,daily_profile,euclidean,47,14,0.42857142857142855,0.9285714285714286,0.6466165413533834,3.0
A_EARLY_TO_MIDDLE,daily_balanced_median,daily_profile,euclidean,48,14,0.0,0.07142857142857142,0.09773374384718922,11.428571428571429
A_EARLY_TO_MIDDLE,daily_balanced_median,daily_profile,euclidean,50,14,0.35714285714285715,1.0,0.6011904761904762,2.2142857142857144
A_EARLY_TO_MIDDLE,daily_balanced_median,daily_profile,euclidean,51,14,0.7857142857142857,1.0,0.875,1.3571428571428572
A_EARLY_TO_MIDDLE,daily_balanced_median,daily_profile,euclidean,52,14,0.5714285714285714,1.0,0.719047619047619,2.0
A_EARLY_TO_MIDDLE,daily_balanced_median,daily_profile,euclidean,53,14,0.9285714285714286,0.9285714285714286,0.9404761904761906,1.3571428571428572
A_EARLY_TO_MIDDLE,daily_balanced_median,daily_profile,euclidean,54,14,0.5714285714285714,1.0,0.7857142857142857,1.4285714285714286
A_EARLY_TO_MIDDLE,daily_balanced_median,daily_profile,euclidean,55,14,0.5,0.8571428571428571,0.6517857142857143,2.9285714285714284
A_EARLY_TO_MIDDLE,daily_balanced_median,daily_profile,euclidean,57,14,0.0,0.0,0.07386712260661842,14.571428571428571
A_EARLY_TO_MIDDLE,daily_balanced_median,daily_profile,euclidean,6,14,0.5714285714285714,0.7857142857142857,0.6560374149659864,2.9285714285714284
A_EARLY_TO_MIDDLE,daily_balanced_median,daily_profile,euclidean,60,14,0.07142857142857142,0.14285714285714285,0.18006061398918546,10.857142857142858
A_EARLY_TO_MIDDLE,daily_balanced_median,daily_profile,euclidean,61,14,0.9285714285714286,1.0,0.9642857142857143,1.0714285714285714
A_EARLY_TO_MIDDLE,daily_balanced_median,daily_profile,euclidean,63,14,0.21428571428571427,1.0,0.44523809523809516,3.0714285714285716
A_EARLY_TO_MIDDLE,daily_balanced_median,daily_profile,euclidean,68,14,0.5714285714285714,0.9285714285714286,0.7602040816326531,1.7857142857142858
A_EARLY_TO_MIDDLE,daily_balanced_median,daily_profile,euclidean,7,14,0.7142857142857143,0.8571428571428571,0.8001200480192077,2.7142857142857144
A_EARLY_TO_MIDDLE,daily_balanced_median,daily_profile,euclidean,71,14,0.6428571428571429,0.6428571428571429,0.6483516483516484,23.857142857142858
A_EARLY_TO_MIDDLE,daily_balanced_median,daily_profile,euclidean,72,14,0.7857142857142857,1.0,0.8928571428571429,1.2142857142857142
A_EARLY_TO_MIDDLE,daily_balanced_median,daily_profile,euclidean,76,14,0.5,0.7857142857142857,0.6363945578231293,3.0
A_EARLY_TO_MIDDLE,daily_balanced_median,daily_profile,euclidean,77,14,0.21428571428571427,0.21428571428571427,0.22716690589509198,48.142857142857146
A_EARLY_TO_MIDDLE,daily_balanced_median,daily_profile,euclidean,78,14,0.14285714285714285,0.5,0.32103174603174606,5.571428571428571
A_EARLY_TO_MIDDLE,daily_balanced_median,daily_profile,euclidean,80,14,0.21428571428571427,0.35714285714285715,0.30523140409008237,12.857142857142858
A_EARLY_TO_MIDDLE,daily_balanced_median,daily_profile,euclidean,81,14,0.8571428571428571,1.0,0.9107142857142857,1.2857142857142858
A_EARLY_TO_MIDDLE,daily_balanced_median,daily_profile,euclidean,86,14,0.5714285714285714,1.0,0.7619047619047619,1.5714285714285714
A_EARLY_TO_MIDDLE,daily_balanced_median,daily_profile,euclidean,89,14,0.21428571428571427,0.6428571428571429,0.4175170068027211,4.285714285714286
A_EARLY_TO_MIDDLE,daily_balanced_median,daily_profile,euclidean,9,14,0.42857142857142855,0.7857142857142857,0.6123281480424337,3.9285714285714284
A_EARLY_TO_MIDDLE,daily_balanced_median,daily_profile,euclidean,90,14,0.7857142857142857,1.0,0.8595238095238095,1.5
A_EARLY_TO_MIDDLE,daily_balanced_median,daily_profile,euclidean,92,14,0.7142857142857143,1.0,0.7916666666666666,1.7857142857142858
A_EARLY_TO_MIDDLE,daily_balanced_median,daily_profile,euclidean,96,14,0.35714285714285715,0.7857142857142857,0.5490079365079364,3.2857142857142856
A_EARLY_TO_MIDDLE,daily_balanced_median,daily_profile,euclidean,97,14,0.8571428571428571,1.0,0.9047619047619048,1.2857142857142858
A_EARLY_TO_MIDDLE,daily_balanced_median,daily_profile,euclidean,98,14,0.5,0.8571428571428571,0.6827731092436975,2.9285714285714284
B_EARLY_MIDDLE_TO_LATE,capture_median,capture,cosine,0,271,0.2066420664206642,0.6273062730627307,0.38826632456389104,6.328413284132841
B_EARLY_MIDDLE_TO_LATE,capture_median,capture,cosine,10,302,0.1390728476821192,0.4370860927152318,0.2849768621124435,11.539735099337749
B_EARLY_MIDDLE_TO_LATE,capture_median,capture,cosine,102,299,0.2408026755852843,0.5719063545150501,0.3931599557597973,6.394648829431438
B_EARLY_MIDDLE_TO_LATE,capture_median,capture,cosine,104,304,0.0625,0.19078947368421054,0.15571746441979456,22.19078947368421
B_EARLY_MIDDLE_TO_LATE,capture_median,capture,cosine,105,305,0.006557377049180328,0.639344262295082,0.23855847249289874,5.537704918032787
B_EARLY_MIDDLE_TO_LATE,capture_median,capture,cosine,106,282,0.0851063829787234,0.7304964539007093,0.3533781328994095,4.290780141843972
B_EARLY_MIDDLE_TO_LATE,capture_median,capture,cosine,107,266,0.13157894736842105,0.41353383458646614,0.2823647367798933,9.511278195488721
B_EARLY_MIDDLE_TO_LATE,capture_median,capture,cosine,108,279,0.7275985663082437,0.7347670250896058,0.7389118318948102,9.580645161290322
B_EARLY_MIDDLE_TO_LATE,capture_median,capture,cosine,109,292,0.2054794520547945,0.660958904109589,0.4030342089417432,4.657534246575342
B_EARLY_MIDDLE_TO_LATE,capture_median,capture,cosine,11,285,0.5473684210526316,0.6982456140350877,0.6208696647451966,7.764912280701754
B_EARLY_MIDDLE_TO_LATE,capture_median,capture,cosine,110,223,0.22869955156950672,0.757847533632287,0.398238322517879,5.789237668161435
B_EARLY_MIDDLE_TO_LATE,capture_median,capture,cosine,113,307,0.15960912052117263,0.3941368078175896,0.28918986630437993,7.970684039087948
B_EARLY_MIDDLE_TO_LATE,capture_median,capture,cosine,117,305,0.33114754098360655,1.0,0.6453551912568305,1.7901639344262295
B_EARLY_MIDDLE_TO_LATE,capture_median,capture,cosine,12,304,0.003289473684210526,0.125,0.09937802603297809,22.851973684210527
B_EARLY_MIDDLE_TO_LATE,capture_median,capture,cosine,14,265,0.18490566037735848,0.4830188679245283,0.3344351794364589,11.233962264150943
B_EARLY_MIDDLE_TO_LATE,capture_median,capture,cosine,18,304,0.13486842105263158,0.4243421052631579,0.2901218081828293,16.63157894736842
B_EARLY_MIDDLE_TO_LATE,capture_median,capture,cosine,2,298,0.02348993288590604,0.8590604026845637,0.3886818718194557,3.469798657718121
B_EARLY_MIDDLE_TO_LATE,capture_median,capture,cosine,21,295,0.14576271186440679,0.4847457627118644,0.323567899278137,7.4711864406779664
B_EARLY_MIDDLE_TO_LATE,capture_median,capture,cosine,24,244,0.4262295081967213,0.6844262295081968,0.5441793485594106,6.30327868852459
B_EARLY_MIDDLE_TO_LATE,capture_median,capture,cosine,25,304,0.3684210526315789,0.5394736842105263,0.4625036131178847,8.740131578947368
B_EARLY_MIDDLE_TO_LATE,capture_median,capture,cosine,27,303,0.019801980198019802,0.3465346534653465,0.17740368896902145,14.366336633663366
B_EARLY_MIDDLE_TO_LATE,capture_median,capture,cosine,28,294,0.5374149659863946,0.8707482993197279,0.6785269247003941,2.5952380952380953
B_EARLY_MIDDLE_TO_LATE,capture_median,capture,cosine,29,305,0.003278688524590164,0.1180327868852459,0.10793534546334282,13.324590163934426
B_EARLY_MIDDLE_TO_LATE,capture_median,capture,cosine,31,269,0.3903345724907063,0.8252788104089219,0.5700606117941278,3.3382899628252787
B_EARLY_MIDDLE_TO_LATE,capture_median,capture,cosine,34,290,0.1,0.3137931034482759,0.2269930043327097,14.848275862068965
B_EARLY_MIDDLE_TO_LATE,capture_median,capture,cosine,35,298,0.20134228187919462,0.47315436241610737,0.3372015069609321,8.050335570469798
B_EARLY_MIDDLE_TO_LATE,capture_median,capture,cosine,36,299,0.3979933110367893,0.6287625418060201,0.5187675202431199,6.3076923076923075
B_EARLY_MIDDLE_TO_LATE,capture_median,capture,cosine,37,304,0.10197368421052631,0.33223684210526316,0.22859217944994473,12.18421052631579
B_EARLY_MIDDLE_TO_LATE,capture_median,capture,cosine,39,298,0.2550335570469799,0.697986577181208,0.4418138861511345,4.543624161073826
B_EARLY_MIDDLE_TO_LATE,capture_median,capture,cosine,40,300,0.06666666666666667,0.35333333333333333,0.18796545700261227,19.48
B_EARLY_MIDDLE_TO_LATE,capture_median,capture,cosine,41,239,0.497907949790795,0.7489539748953975,0.6250126338284189,5.2761506276150625
B_EARLY_MIDDLE_TO_LATE,capture_median,capture,cosine,42,270,0.14814814814814814,0.8777777777777778,0.37427248677248676,3.8407407407407406
B_EARLY_MIDDLE_TO_LATE,capture_median,capture,cosine,43,286,0.36363636363636365,0.7797202797202797,0.5291211313938586,3.4265734265734267
B_EARLY_MIDDLE_TO_LATE,capture_median,capture,cosine,45,270,0.022222222222222223,0.14814814814814814,0.11853071940709728,18.7
B_EARLY_MIDDLE_TO_LATE,capture_median,capture,cosine,46,218,0.0,0.5412844036697247,0.20072076803390887,6.339449541284404
B_EARLY_MIDDLE_TO_LATE,capture_median,capture,cosine,47,306,0.0915032679738562,0.38562091503267976,0.24354989280518605,9.470588235294118
B_EARLY_MIDDLE_TO_LATE,capture_median,capture,cosine,48,253,0.0,0.04743083003952569,0.08173416378298085,14.727272727272727
B_EARLY_MIDDLE_TO_LATE,capture_median,capture,cosine,50,303,0.013201320132013201,0.1782178217821782,0.11551287472021658,18.660066006600662
B_EARLY_MIDDLE_TO_LATE,capture_median,capture,cosine,51,255,0.25098039215686274,0.6823529411764706,0.44818337435984495,4.3803921568627455
B_EARLY_MIDDLE_TO_LATE,capture_median,capture,cosine,52,301,0.19269102990033224,0.47840531561461797,0.3338425739575194,11.119601328903654
B_EARLY_MIDDLE_TO_LATE,capture_median,capture,cosine,53,302,0.22185430463576158,0.6655629139072847,0.4100696914525775,4.927152317880795
B_EARLY_MIDDLE_TO_LATE,capture_median,capture,cosine,54,303,0.40594059405940597,0.6831683168316832,0.5505502813884916,5.66006600660066
B_EARLY_MIDDLE_TO_LATE,capture_median,capture,cosine,55,289,0.3044982698961938,0.5605536332179931,0.4410601029160084,9.003460207612457
B_EARLY_MIDDLE_TO_LATE,capture_median,capture,cosine,57,245,0.02040816326530612,0.12653061224489795,0.1473394742802071,8.946938775510205
B_EARLY_MIDDLE_TO_LATE,capture_median,capture,cosine,6,283,0.1872791519434629,0.6749116607773852,0.40461090244659154,4.4628975265017665
B_EARLY_MIDDLE_TO_LATE,capture_median,capture,cosine,60,303,0.0429042904290429,0.26732673267326734,0.1845845039169501,9.92079207920792
B_EARLY_MIDDLE_TO_LATE,capture_median,capture,cosine,61,302,0.31788079470198677,0.7483443708609272,0.5126791832076251,4.639072847682119
B_EARLY_MIDDLE_TO_LATE,capture_median,capture,cosine,63,303,0.1353135313531353,0.4521452145214521,0.29553470965959283,7.8316831683168315
B_EARLY_MIDDLE_TO_LATE,capture_median,capture,cosine,68,302,0.059602649006622516,0.2847682119205298,0.17245632105998793,18.93708609271523
B_EARLY_MIDDLE_TO_LATE,capture_median,capture,cosine,7,303,0.31683168316831684,0.5610561056105611,0.4319154524652464,11.755775577557756
B_EARLY_MIDDLE_TO_LATE,capture_median,capture,cosine,71,305,0.0,0.0,0.017236026915135545,59.5311475409836
B_EARLY_MIDDLE_TO_LATE,capture_median,capture,cosine,72,282,0.07092198581560284,0.3120567375886525,0.1992087496161188,13.081560283687944
B_EARLY_MIDDLE_TO_LATE,capture_median,capture,cosine,76,270,0.18888888888888888,0.4666666666666667,0.33888435514162235,8.633333333333333
B_EARLY_MIDDLE_TO_LATE,capture_median,capture,cosine,77,290,0.0,0.0,0.020552535022808377,50.49655172413793
B_EARLY_MIDDLE_TO_LATE,capture_median,capture,cosine,78,306,0.10130718954248366,0.48366013071895425,0.2818042232843373,9.826797385620916
B_EARLY_MIDDLE_TO_LATE,capture_median,capture,cosine,80,309,0.3818770226537217,0.5857605177993528,0.4944024077139207,6.961165048543689
B_EARLY_MIDDLE_TO_LATE,capture_median,capture,cosine,81,258,0.4069767441860465,0.8410852713178295,0.61558010209911,2.992248062015504
B_EARLY_MIDDLE_TO_LATE,capture_median,capture,cosine,86,300,0.4,1.0,0.6483333333333333,1.91
B_EARLY_MIDDLE_TO_LATE,capture_median,capture,cosine,89,307,0.15309446254071662,0.41368078175895767,0.2793914172081496,14.50814332247557
B_EARLY_MIDDLE_TO_LATE,capture_median,capture,cosine,9,303,0.04950495049504951,0.47854785478547857,0.23818808266298966,9.610561056105611
B_EARLY_MIDDLE_TO_LATE,capture_median,capture,cosine,90,300,0.2733333333333333,0.42333333333333334,0.36115648531072064,17.25
B_EARLY_MIDDLE_TO_LATE,capture_median,capture,cosine,92,216,0.10185185185185185,0.5601851851851852,0.31441230139415555,6.101851851851852
B_EARLY_MIDDLE_TO_LATE,capture_median,capture,cosine,96,286,0.15034965034965034,0.6538461538461539,0.3667765346556493,5.174825174825175
B_EARLY_MIDDLE_TO_LATE,capture_median,capture,cosine,97,290,0.6137931034482759,1.0,0.7678160919540229,1.6206896551724137
B_EARLY_MIDDLE_TO_LATE,capture_median,capture,cosine,98,306,0.1437908496732026,0.434640522875817,0.29050275884222726,9.450980392156863
B_EARLY_MIDDLE_TO_LATE,capture_median,capture,euclidean,0,271,0.23616236162361623,0.8339483394833949,0.48869783865171323,3.5867158671586714
B_EARLY_MIDDLE_TO_LATE,capture_median,capture,euclidean,10,302,0.11920529801324503,0.5231788079470199,0.3100364755278341,8.321192052980132
B_EARLY_MIDDLE_TO_LATE,capture_median,capture,euclidean,102,299,0.07692307692307693,0.4682274247491639,0.25353916460777165,9.036789297658864
B_EARLY_MIDDLE_TO_LATE,capture_median,capture,euclidean,104,304,0.13815789473684212,0.4144736842105263,0.29913729665000194,8.644736842105264
B_EARLY_MIDDLE_TO_LATE,capture_median,capture,euclidean,105,305,0.01639344262295082,0.9081967213114754,0.3503530622383082,3.455737704918033
B_EARLY_MIDDLE_TO_LATE,capture_median,capture,euclidean,106,282,0.0851063829787234,0.624113475177305,0.33468195168758375,5.028368794326241
B_EARLY_MIDDLE_TO_LATE,capture_median,capture,euclidean,107,266,0.18796992481203006,0.5300751879699248,0.34378499902657733,7.357142857142857
B_EARLY_MIDDLE_TO_LATE,capture_median,capture,euclidean,108,279,0.7060931899641577,0.7132616487455197,0.7129321768007004,17.54121863799283
B_EARLY_MIDDLE_TO_LATE,capture_median,capture,euclidean,109,292,0.2363013698630137,0.6027397260273972,0.40479724557677926,5.571917808219178
B_EARLY_MIDDLE_TO_LATE,capture_median,capture,euclidean,11,285,0.5157894736842106,0.6456140350877193,0.5855204573817677,10.403508771929825
B_EARLY_MIDDLE_TO_LATE,capture_median,capture,euclidean,110,223,0.17040358744394618,0.600896860986547,0.30793102572575176,11.394618834080717
B_EARLY_MIDDLE_TO_LATE,capture_median,capture,euclidean,113,307,0.16286644951140064,0.38762214983713356,0.2849389910319239,9.853420195439739
B_EARLY_MIDDLE_TO_LATE,capture_median,capture,euclidean,117,305,0.3081967213114754,1.0,0.6371584699453551,1.7934426229508196
B_EARLY_MIDDLE_TO_LATE,capture_median,capture,euclidean,12,304,0.0,0.10855263157894737,0.09916836791276414,18.713815789473685
B_EARLY_MIDDLE_TO_LATE,capture_median,capture,euclidean,14,265,0.18867924528301888,0.6377358490566037,0.3812445720839925,6.316981132075472
B_EARLY_MIDDLE_TO_LATE,capture_median,capture,euclidean,18,304,0.15460526315789475,0.4901315789473684,0.33615252400595014,8.098684210526315
B_EARLY_MIDDLE_TO_LATE,capture_median,capture,euclidean,2,298,0.030201342281879196,0.8926174496644296,0.4062288581372025,3.8187919463087248
B_EARLY_MIDDLE_TO_LATE,capture_median,capture,euclidean,21,295,0.2033898305084746,0.5457627118644067,0.37522361120015524,6.105084745762712
B_EARLY_MIDDLE_TO_LATE,capture_median,capture,euclidean,24,244,0.48770491803278687,0.7418032786885246,0.6003606314094593,5.389344262295082
B_EARLY_MIDDLE_TO_LATE,capture_median,capture,euclidean,25,304,0.3980263157894737,0.6513157894736842,0.5203838682516772,5.953947368421052
B_EARLY_MIDDLE_TO_LATE,capture_median,capture,euclidean,27,303,0.0165016501650165,0.42574257425742573,0.21523870415020163,8.333333333333334
B_EARLY_MIDDLE_TO_LATE,capture_median,capture,euclidean,28,294,0.7414965986394558,0.8571428571428571,0.8015470941231924,3.0170068027210886
B_EARLY_MIDDLE_TO_LATE,capture_median,capture,euclidean,29,305,0.0,0.18688524590163935,0.13358366874706062,9.99672131147541
B_EARLY_MIDDLE_TO_LATE,capture_median,capture,euclidean,31,269,0.3828996282527881,0.7881040892193308,0.5555993381038254,3.7323420074349443
B_EARLY_MIDDLE_TO_LATE,capture_median,capture,euclidean,34,290,0.14482758620689656,0.49310344827586206,0.31672210881830404,6.43448275862069
B_EARLY_MIDDLE_TO_LATE,capture_median,capture,euclidean,35,298,0.24496644295302014,0.7315436241610739,0.42931621845811074,4.718120805369128
B_EARLY_MIDDLE_TO_LATE,capture_median,capture,euclidean,36,299,0.411371237458194,0.5919732441471572,0.5058484652202906,8.331103678929766
B_EARLY_MIDDLE_TO_LATE,capture_median,capture,euclidean,37,304,0.1118421052631579,0.4901315789473684,0.2834955501799542,6.671052631578948
B_EARLY_MIDDLE_TO_LATE,capture_median,capture,euclidean,39,298,0.2516778523489933,0.761744966442953,0.4658428567045861,4.016778523489933
B_EARLY_MIDDLE_TO_LATE,capture_median,capture,euclidean,40,300,0.006666666666666667,0.4766666666666667,0.2037931267199675,15.533333333333333
B_EARLY_MIDDLE_TO_LATE,capture_median,capture,euclidean,41,239,0.5732217573221757,0.7071129707112971,0.6451065859082729,7.861924686192468
B_EARLY_MIDDLE_TO_LATE,capture_median,capture,euclidean,42,270,0.17037037037037037,0.9222222222222223,0.41442239858906527,3.4518518518518517
B_EARLY_MIDDLE_TO_LATE,capture_median,capture,euclidean,43,286,0.36363636363636365,0.7552447552447552,0.5381233922163581,3.6573426573426575
B_EARLY_MIDDLE_TO_LATE,capture_median,capture,euclidean,45,270,0.14814814814814814,0.4,0.28999563985531834,9.522222222222222
B_EARLY_MIDDLE_TO_LATE,capture_median,capture,euclidean,46,218,0.09174311926605505,0.6926605504587156,0.2930175456551603,4.935779816513762
B_EARLY_MIDDLE_TO_LATE,capture_median,capture,euclidean,47,306,0.0915032679738562,0.4019607843137255,0.2522708482079867,8.813725490196079
B_EARLY_MIDDLE_TO_LATE,capture_median,capture,euclidean,48,253,0.007905138339920948,0.14624505928853754,0.12810317900275559,11.395256916996047
B_EARLY_MIDDLE_TO_LATE,capture_median,capture,euclidean,50,303,0.019801980198019802,0.43564356435643564,0.20818411854600202,8.405940594059405
B_EARLY_MIDDLE_TO_LATE,capture_median,capture,euclidean,51,255,0.2823529411764706,0.7294117647058823,0.48437820893703243,4.211764705882353
B_EARLY_MIDDLE_TO_LATE,capture_median,capture,euclidean,52,301,0.2292358803986711,0.5714285714285714,0.38338822544346,7.863787375415282
B_EARLY_MIDDLE_TO_LATE,capture_median,capture,euclidean,53,302,0.25165562913907286,0.7682119205298014,0.4625224831808136,4.105960264900662
B_EARLY_MIDDLE_TO_LATE,capture_median,capture,euclidean,54,303,0.5676567656765676,0.8778877887788779,0.701216422565809,3.1815181518151814
B_EARLY_MIDDLE_TO_LATE,capture_median,capture,euclidean,55,289,0.33217993079584773,0.7093425605536332,0.5028458635774705,5.660899653979238
B_EARLY_MIDDLE_TO_LATE,capture_median,capture,euclidean,57,245,0.02040816326530612,0.12244897959183673,0.14258884384139706,9.755102040816327
B_EARLY_MIDDLE_TO_LATE,capture_median,capture,euclidean,6,283,0.21201413427561838,0.8056537102473498,0.4511770617084075,4.03886925795053
B_EARLY_MIDDLE_TO_LATE,capture_median,capture,euclidean,60,303,0.052805280528052806,0.39933993399339934,0.22666225537596627,7.303630363036303
B_EARLY_MIDDLE_TO_LATE,capture_median,capture,euclidean,61,302,0.4370860927152318,0.7649006622516556,0.5921182065055707,5.456953642384106
B_EARLY_MIDDLE_TO_LATE,capture_median,capture,euclidean,63,303,0.13861386138613863,0.6336633663366337,0.34679275572596285,5.597359735973598
B_EARLY_MIDDLE_TO_LATE,capture_median,capture,euclidean,68,302,0.06622516556291391,0.3443708609271523,0.20722434335299733,11.062913907284768
B_EARLY_MIDDLE_TO_LATE,capture_median,capture,euclidean,7,303,0.3102310231023102,0.5379537953795379,0.4244669815006216,10.336633663366337
B_EARLY_MIDDLE_TO_LATE,capture_median,capture,euclidean,71,305,0.0,0.0,0.015385403530895335,64.99672131147541
B_EARLY_MIDDLE_TO_LATE,capture_median,capture,euclidean,72,282,0.1099290780141844,0.5886524822695035,0.3056981789387082,5.98936170212766
B_EARLY_MIDDLE_TO_LATE,capture_median,capture,euclidean,76,270,0.24074074074074073,0.5407407407407407,0.3867050054305085,8.385185185185184
B_EARLY_MIDDLE_TO_LATE,capture_median,capture,euclidean,77,290,0.0,0.0,0.017244872595847022,58.00344827586207
B_EARLY_MIDDLE_TO_LATE,capture_median,capture,euclidean,78,306,0.19934640522875818,0.6405228758169934,0.4002135442676216,5.356209150326797
B_EARLY_MIDDLE_TO_LATE,capture_median,capture,euclidean,80,309,0.313915857605178,0.5339805825242718,0.41867947375582065,8.922330097087379
B_EARLY_MIDDLE_TO_LATE,capture_median,capture,euclidean,81,258,0.5813953488372093,0.8837209302325582,0.7087900026396279,2.9573643410852712
B_EARLY_MIDDLE_TO_LATE,capture_median,capture,euclidean,86,300,0.41333333333333333,1.0,0.6494444444444444,1.93
B_EARLY_MIDDLE_TO_LATE,capture_median,capture,euclidean,89,307,0.1791530944625407,0.5667752442996743,0.3544904901194168,5.755700325732899
B_EARLY_MIDDLE_TO_LATE,capture_median,capture,euclidean,9,303,0.10231023102310231,0.5115511551155115,0.2855149708227014,7.976897689768977
B_EARLY_MIDDLE_TO_LATE,capture_median,capture,euclidean,90,300,0.3,0.6066666666666667,0.4449844481033616,7.78
B_EARLY_MIDDLE_TO_LATE,capture_median,capture,euclidean,92,216,0.37962962962962965,0.6898148148148148,0.5191094675265426,4.333333333333333
B_EARLY_MIDDLE_TO_LATE,capture_median,capture,euclidean,96,286,0.16083916083916083,0.6083916083916084,0.3719007583283444,5.86013986013986
B_EARLY_MIDDLE_TO_LATE,capture_median,capture,euclidean,97,290,0.6241379310344828,1.0,0.771551724137931,1.6206896551724137
B_EARLY_MIDDLE_TO_LATE,capture_median,capture,euclidean,98,306,0.1568627450980392,0.4934640522875817,0.3100378320513413,8.173202614379084
B_EARLY_MIDDLE_TO_LATE,capture_median,daily_profile,cosine,0,13,0.6923076923076923,1.0,0.8205128205128205,1.4615384615384615
B_EARLY_MIDDLE_TO_LATE,capture_median,daily_profile,cosine,10,13,0.5384615384615384,1.0,0.723076923076923,1.9230769230769231
B_EARLY_MIDDLE_TO_LATE,capture_median,daily_profile,cosine,102,13,0.23076923076923078,0.9230769230769231,0.5019230769230769,3.0
B_EARLY_MIDDLE_TO_LATE,capture_median,daily_profile,cosine,104,13,0.6923076923076923,1.0,0.8461538461538461,1.3076923076923077
B_EARLY_MIDDLE_TO_LATE,capture_median,daily_profile,cosine,105,13,0.0,1.0,0.28205128205128205,3.6153846153846154
B_EARLY_MIDDLE_TO_LATE,capture_median,daily_profile,cosine,106,13,0.3076923076923077,1.0,0.6282051282051282,1.8461538461538463
B_EARLY_MIDDLE_TO_LATE,capture_median,daily_profile,cosine,107,13,0.7692307692307693,0.8461538461538461,0.8201798201798203,2.8461538461538463
B_EARLY_MIDDLE_TO_LATE,capture_median,daily_profile,cosine,108,13,0.8461538461538461,0.9230769230769231,0.875,1.7692307692307692
B_EARLY_MIDDLE_TO_LATE,capture_median,daily_profile,cosine,109,13,0.7692307692307693,0.9230769230769231,0.8571428571428571,1.6153846153846154
B_EARLY_MIDDLE_TO_LATE,capture_median,daily_profile,cosine,11,13,0.9230769230769231,1.0,0.9384615384615385,1.3076923076923077
B_EARLY_MIDDLE_TO_LATE,capture_median,daily_profile,cosine,110,13,0.6153846153846154,1.0,0.7371794871794871,1.9230769230769231
B_EARLY_MIDDLE_TO_LATE,capture_median,daily_profile,cosine,113,13,0.5384615384615384,1.0,0.6653846153846152,2.3076923076923075
B_EARLY_MIDDLE_TO_LATE,capture_median,daily_profile,cosine,117,13,0.46153846153846156,1.0,0.717948717948718,1.6153846153846154
B_EARLY_MIDDLE_TO_LATE,capture_median,daily_profile,cosine,12,13,0.5384615384615384,0.6923076923076923,0.6177289377289378,5.923076923076923
B_EARLY_MIDDLE_TO_LATE,capture_median,daily_profile,cosine,14,13,0.8461538461538461,1.0,0.9102564102564104,1.2307692307692308
B_EARLY_MIDDLE_TO_LATE,capture_median,daily_profile,cosine,18,13,0.9230769230769231,1.0,0.9423076923076923,1.2307692307692308
B_EARLY_MIDDLE_TO_LATE,capture_median,daily_profile,cosine,2,13,0.0,1.0,0.46153846153846145,2.230769230769231
B_EARLY_MIDDLE_TO_LATE,capture_median,daily_profile,cosine,21,13,0.9230769230769231,1.0,0.9423076923076923,1.2307692307692308
B_EARLY_MIDDLE_TO_LATE,capture_median,daily_profile,cosine,24,13,0.9230769230769231,1.0,0.9615384615384616,1.0769230769230769
B_EARLY_MIDDLE_TO_LATE,capture_median,daily_profile,cosine,25,13,1.0,1.0,1.0,1.0
B_EARLY_MIDDLE_TO_LATE,capture_median,daily_profile,cosine,27,13,0.5384615384615384,1.0,0.7692307692307693,1.4615384615384615
B_EARLY_MIDDLE_TO_LATE,capture_median,daily_profile,cosine,28,13,0.6153846153846154,1.0,0.7884615384615384,1.5384615384615385
B_EARLY_MIDDLE_TO_LATE,capture_median,daily_profile,cosine,29,13,0.0,0.15384615384615385,0.10985019254250024,10.538461538461538
B_EARLY_MIDDLE_TO_LATE,capture_median,daily_profile,cosine,31,13,1.0,1.0,1.0,1.0
B_EARLY_MIDDLE_TO_LATE,capture_median,daily_profile,cosine,34,13,1.0,1.0,1.0,1.0
B_EARLY_MIDDLE_TO_LATE,capture_median,daily_profile,cosine,35,13,0.8461538461538461,1.0,0.9230769230769231,1.1538461538461537
B_EARLY_MIDDLE_TO_LATE,capture_median,daily_profile,cosine,36,13,1.0,1.0,1.0,1.0
B_EARLY_MIDDLE_TO_LATE,capture_median,daily_profile,cosine,37,13,0.8461538461538461,0.9230769230769231,0.8787878787878788,1.9230769230769231
B_EARLY_MIDDLE_TO_LATE,capture_median,daily_profile,cosine,39,13,0.9230769230769231,1.0,0.9487179487179487,1.1538461538461537
B_EARLY_MIDDLE_TO_LATE,capture_median,daily_profile,cosine,40,13,0.5384615384615384,0.7692307692307693,0.6673992673992674,2.6923076923076925
B_EARLY_MIDDLE_TO_LATE,capture_median,daily_profile,cosine,41,13,1.0,1.0,1.0,1.0
B_EARLY_MIDDLE_TO_LATE,capture_median,daily_profile,cosine,42,13,0.5384615384615384,1.0,0.7307692307692307,1.7692307692307692
B_EARLY_MIDDLE_TO_LATE,capture_median,daily_profile,cosine,43,13,0.7692307692307693,1.0,0.8717948717948718,1.3076923076923077
B_EARLY_MIDDLE_TO_LATE,capture_median,daily_profile,cosine,45,13,0.23076923076923078,0.5384615384615384,0.36629228614522735,7.923076923076923
B_EARLY_MIDDLE_TO_LATE,capture_median,daily_profile,cosine,46,13,0.0,0.9230769230769231,0.38397435897435894,3.076923076923077
B_EARLY_MIDDLE_TO_LATE,capture_median,daily_profile,cosine,47,13,0.6923076923076923,0.9230769230769231,0.8076923076923077,1.6923076923076923
B_EARLY_MIDDLE_TO_LATE,capture_median,daily_profile,cosine,48,13,0.0,0.0,0.09029111913727299,11.76923076923077
B_EARLY_MIDDLE_TO_LATE,capture_median,daily_profile,cosine,50,13,0.23076923076923078,0.6923076923076923,0.3836385836385837,4.615384615384615
B_EARLY_MIDDLE_TO_LATE,capture_median,daily_profile,cosine,51,13,0.9230769230769231,1.0,0.9487179487179488,1.1538461538461537
B_EARLY_MIDDLE_TO_LATE,capture_median,daily_profile,cosine,52,13,0.7692307692307693,0.9230769230769231,0.8500000000000001,2.6153846153846154
B_EARLY_MIDDLE_TO_LATE,capture_median,daily_profile,cosine,53,13,0.9230769230769231,1.0,0.9615384615384616,1.0769230769230769
B_EARLY_MIDDLE_TO_LATE,capture_median,daily_profile,cosine,54,13,1.0,1.0,1.0,1.0
B_EARLY_MIDDLE_TO_LATE,capture_median,daily_profile,cosine,55,13,0.9230769230769231,1.0,0.9615384615384616,1.0769230769230769
B_EARLY_MIDDLE_TO_LATE,capture_median,daily_profile,cosine,57,13,0.15384615384615385,0.23076923076923078,0.27365689865689863,6.461538461538462
B_EARLY_MIDDLE_TO_LATE,capture_median,daily_profile,cosine,6,13,0.6923076923076923,1.0,0.8076923076923077,1.6153846153846154
B_EARLY_MIDDLE_TO_LATE,capture_median,daily_profile,cosine,60,13,0.5384615384615384,0.8461538461538461,0.6557692307692308,2.769230769230769
B_EARLY_MIDDLE_TO_LATE,capture_median,daily_profile,cosine,61,13,1.0,1.0,1.0,1.0
B_EARLY_MIDDLE_TO_LATE,capture_median,daily_profile,cosine,63,13,0.5384615384615384,0.9230769230769231,0.7275641025641024,2.0
B_EARLY_MIDDLE_TO_LATE,capture_median,daily_profile,cosine,68,13,0.38461538461538464,0.46153846153846156,0.4625258644489414,10.0
B_EARLY_MIDDLE_TO_LATE,capture_median,daily_profile,cosine,7,13,1.0,1.0,1.0,1.0
B_EARLY_MIDDLE_TO_LATE,capture_median,daily_profile,cosine,71,13,0.0,0.0,0.015533131398516014,64.38461538461539
B_EARLY_MIDDLE_TO_LATE,capture_median,daily_profile,cosine,72,13,0.7692307692307693,1.0,0.8589743589743589,1.3846153846153846
B_EARLY_MIDDLE_TO_LATE,capture_median,daily_profile,cosine,76,13,0.8461538461538461,1.0,0.9102564102564104,1.2307692307692308
B_EARLY_MIDDLE_TO_LATE,capture_median,daily_profile,cosine,77,13,0.0,0.0,0.016854419087203535,59.38461538461539
B_EARLY_MIDDLE_TO_LATE,capture_median,daily_profile,cosine,78,13,0.8461538461538461,1.0,0.9230769230769231,1.1538461538461537
B_EARLY_MIDDLE_TO_LATE,capture_median,daily_profile,cosine,80,13,0.46153846153846156,0.6153846153846154,0.5460847159376571,5.6923076923076925
B_EARLY_MIDDLE_TO_LATE,capture_median,daily_profile,cosine,81,13,1.0,1.0,1.0,1.0
B_EARLY_MIDDLE_TO_LATE,capture_median,daily_profile,cosine,86,13,0.6923076923076923,1.0,0.8461538461538461,1.3076923076923077
B_EARLY_MIDDLE_TO_LATE,capture_median,daily_profile,cosine,89,13,0.8461538461538461,0.9230769230769231,0.8717948717948718,2.076923076923077
B_EARLY_MIDDLE_TO_LATE,capture_median,daily_profile,cosine,9,13,0.6923076923076923,1.0,0.7782051282051282,1.8461538461538463
B_EARLY_MIDDLE_TO_LATE,capture_median,daily_profile,cosine,90,13,0.7692307692307693,1.0,0.8717948717948717,1.3076923076923077
B_EARLY_MIDDLE_TO_LATE,capture_median,daily_profile,cosine,92,13,0.6923076923076923,0.9230769230769231,0.8173076923076923,1.7692307692307692
B_EARLY_MIDDLE_TO_LATE,capture_median,daily_profile,cosine,96,13,0.46153846153846156,1.0,0.7307692307692307,1.5384615384615385
B_EARLY_MIDDLE_TO_LATE,capture_median,daily_profile,cosine,97,13,1.0,1.0,1.0,1.0
B_EARLY_MIDDLE_TO_LATE,capture_median,daily_profile,cosine,98,13,0.7692307692307693,1.0,0.8846153846153846,1.2307692307692308
B_EARLY_MIDDLE_TO_LATE,capture_median,daily_profile,euclidean,0,13,0.9230769230769231,1.0,0.9615384615384616,1.0769230769230769
B_EARLY_MIDDLE_TO_LATE,capture_median,daily_profile,euclidean,10,13,0.6923076923076923,1.0,0.814102564102564,1.5384615384615385
B_EARLY_MIDDLE_TO_LATE,capture_median,daily_profile,euclidean,102,13,0.23076923076923078,0.8461538461538461,0.4974691974691975,3.3846153846153846
B_EARLY_MIDDLE_TO_LATE,capture_median,daily_profile,euclidean,104,13,0.7692307692307693,1.0,0.8846153846153846,1.2307692307692308
B_EARLY_MIDDLE_TO_LATE,capture_median,daily_profile,euclidean,105,13,0.0,1.0,0.4102564102564102,2.5384615384615383
B_EARLY_MIDDLE_TO_LATE,capture_median,daily_profile,euclidean,106,13,0.3076923076923077,1.0,0.6282051282051282,1.8461538461538463
B_EARLY_MIDDLE_TO_LATE,capture_median,daily_profile,euclidean,107,13,0.7692307692307693,0.8461538461538461,0.8282051282051281,2.1538461538461537
B_EARLY_MIDDLE_TO_LATE,capture_median,daily_profile,euclidean,108,13,0.8461538461538461,0.8461538461538461,0.849003826362317,9.153846153846153
B_EARLY_MIDDLE_TO_LATE,capture_median,daily_profile,euclidean,109,13,0.9230769230769231,0.9230769230769231,0.9340659340659341,1.4615384615384615
B_EARLY_MIDDLE_TO_LATE,capture_median,daily_profile,euclidean,11,13,0.8461538461538461,1.0,0.8807692307692307,1.5384615384615385
B_EARLY_MIDDLE_TO_LATE,capture_median,daily_profile,euclidean,110,13,0.8461538461538461,0.9230769230769231,0.875,1.7692307692307692
B_EARLY_MIDDLE_TO_LATE,capture_median,daily_profile,euclidean,113,13,0.5384615384615384,0.8461538461538461,0.6820512820512821,2.3846153846153846
B_EARLY_MIDDLE_TO_LATE,capture_median,daily_profile,euclidean,117,13,0.46153846153846156,1.0,0.717948717948718,1.6153846153846154
B_EARLY_MIDDLE_TO_LATE,capture_median,daily_profile,euclidean,12,13,0.38461538461538464,0.6153846153846154,0.5069272607734147,6.846153846153846
B_EARLY_MIDDLE_TO_LATE,capture_median,daily_profile,euclidean,14,13,0.8461538461538461,1.0,0.9102564102564104,1.2307692307692308
B_EARLY_MIDDLE_TO_LATE,capture_median,daily_profile,euclidean,18,13,0.7692307692307693,1.0,0.8333333333333333,1.6153846153846154
B_EARLY_MIDDLE_TO_LATE,capture_median,daily_profile,euclidean,2,13,0.0,1.0,0.47435897435897434,2.1538461538461537
B_EARLY_MIDDLE_TO_LATE,capture_median,daily_profile,euclidean,21,13,1.0,1.0,1.0,1.0
B_EARLY_MIDDLE_TO_LATE,capture_median,daily_profile,euclidean,24,13,0.9230769230769231,1.0,0.9615384615384616,1.0769230769230769
B_EARLY_MIDDLE_TO_LATE,capture_median,daily_profile,euclidean,25,13,1.0,1.0,1.0,1.0
B_EARLY_MIDDLE_TO_LATE,capture_median,daily_profile,euclidean,27,13,0.5384615384615384,1.0,0.7564102564102563,1.5384615384615385
B_EARLY_MIDDLE_TO_LATE,capture_median,daily_profile,euclidean,28,13,0.7692307692307693,1.0,0.8717948717948718,1.3076923076923077
B_EARLY_MIDDLE_TO_LATE,capture_median,daily_profile,euclidean,29,13,0.0,0.07692307692307693,0.13730436230436233,7.615384615384615
B_EARLY_MIDDLE_TO_LATE,capture_median,daily_profile,euclidean,31,13,1.0,1.0,1.0,1.0
B_EARLY_MIDDLE_TO_LATE,capture_median,daily_profile,euclidean,34,13,1.0,1.0,1.0,1.0
B_EARLY_MIDDLE_TO_LATE,capture_median,daily_profile,euclidean,35,13,0.8461538461538461,1.0,0.9230769230769231,1.1538461538461537
B_EARLY_MIDDLE_TO_LATE,capture_median,daily_profile,euclidean,36,13,1.0,1.0,1.0,1.0
B_EARLY_MIDDLE_TO_LATE,capture_median,daily_profile,euclidean,37,13,0.8461538461538461,1.0,0.9038461538461539,1.3076923076923077
B_EARLY_MIDDLE_TO_LATE,capture_median,daily_profile,euclidean,39,13,0.7692307692307693,1.0,0.8846153846153846,1.2307692307692308
B_EARLY_MIDDLE_TO_LATE,capture_median,daily_profile,euclidean,40,13,0.6153846153846154,1.0,0.7653846153846153,1.7692307692307692
B_EARLY_MIDDLE_TO_LATE,capture_median,daily_profile,euclidean,41,13,1.0,1.0,1.0,1.0
B_EARLY_MIDDLE_TO_LATE,capture_median,daily_profile,euclidean,42,13,0.46153846153846156,1.0,0.6794871794871795,1.9230769230769231
B_EARLY_MIDDLE_TO_LATE,capture_median,daily_profile,euclidean,43,13,0.7692307692307693,1.0,0.8846153846153846,1.2307692307692308
B_EARLY_MIDDLE_TO_LATE,capture_median,daily_profile,euclidean,45,13,0.3076923076923077,0.6923076923076923,0.43076923076923074,5.076923076923077
B_EARLY_MIDDLE_TO_LATE,capture_median,daily_profile,euclidean,46,13,0.3076923076923077,0.8461538461538461,0.5566239316239316,2.923076923076923
B_EARLY_MIDDLE_TO_LATE,capture_median,daily_profile,euclidean,47,13,0.6153846153846154,0.9230769230769231,0.7628205128205129,1.8461538461538463
B_EARLY_MIDDLE_TO_LATE,capture_median,daily_profile,euclidean,48,13,0.0,0.23076923076923078,0.1421198459659998,8.384615384615385
B_EARLY_MIDDLE_TO_LATE,capture_median,daily_profile,euclidean,50,13,0.23076923076923078,0.9230769230769231,0.43461538461538457,3.3076923076923075
B_EARLY_MIDDLE_TO_LATE,capture_median,daily_profile,euclidean,51,13,0.8461538461538461,1.0,0.9230769230769231,1.1538461538461537
B_EARLY_MIDDLE_TO_LATE,capture_median,daily_profile,euclidean,52,13,0.7692307692307693,0.9230769230769231,0.8520710059171598,2.076923076923077
B_EARLY_MIDDLE_TO_LATE,capture_median,daily_profile,euclidean,53,13,0.8461538461538461,1.0,0.9230769230769231,1.1538461538461537
B_EARLY_MIDDLE_TO_LATE,capture_median,daily_profile,euclidean,54,13,1.0,1.0,1.0,1.0
B_EARLY_MIDDLE_TO_LATE,capture_median,daily_profile,euclidean,55,13,0.8461538461538461,1.0,0.9230769230769231,1.1538461538461537
B_EARLY_MIDDLE_TO_LATE,capture_median,daily_profile,euclidean,57,13,0.07692307692307693,0.15384615384615385,0.2068070818070818,7.0
B_EARLY_MIDDLE_TO_LATE,capture_median,daily_profile,euclidean,6,13,0.8461538461538461,1.0,0.891025641025641,1.3846153846153846
B_EARLY_MIDDLE_TO_LATE,capture_median,daily_profile,euclidean,60,13,0.5384615384615384,1.0,0.6884615384615385,2.076923076923077
B_EARLY_MIDDLE_TO_LATE,capture_median,daily_profile,euclidean,61,13,1.0,1.0,1.0,1.0
B_EARLY_MIDDLE_TO_LATE,capture_median,daily_profile,euclidean,63,13,0.46153846153846156,1.0,0.7307692307692307,1.5384615384615385
B_EARLY_MIDDLE_TO_LATE,capture_median,daily_profile,euclidean,68,13,0.38461538461538464,0.6153846153846154,0.5073804400727477,5.076923076923077
B_EARLY_MIDDLE_TO_LATE,capture_median,daily_profile,euclidean,7,13,1.0,1.0,1.0,1.0
B_EARLY_MIDDLE_TO_LATE,capture_median,daily_profile,euclidean,71,13,0.0,0.0,0.015384615384615385,65.0
B_EARLY_MIDDLE_TO_LATE,capture_median,daily_profile,euclidean,72,13,1.0,1.0,1.0,1.0
B_EARLY_MIDDLE_TO_LATE,capture_median,daily_profile,euclidean,76,13,0.7692307692307693,1.0,0.8653846153846154,1.3846153846153846
B_EARLY_MIDDLE_TO_LATE,capture_median,daily_profile,euclidean,77,13,0.0,0.0,0.01731118246544744,57.76923076923077
B_EARLY_MIDDLE_TO_LATE,capture_median,daily_profile,euclidean,78,13,1.0,1.0,1.0,1.0
B_EARLY_MIDDLE_TO_LATE,capture_median,daily_profile,euclidean,80,13,0.3076923076923077,0.38461538461538464,0.3876214204149427,7.846153846153846
B_EARLY_MIDDLE_TO_LATE,capture_median,daily_profile,euclidean,81,13,1.0,1.0,1.0,1.0
B_EARLY_MIDDLE_TO_LATE,capture_median,daily_profile,euclidean,86,13,0.8461538461538461,1.0,0.9230769230769231,1.1538461538461537
B_EARLY_MIDDLE_TO_LATE,capture_median,daily_profile,euclidean,89,13,0.8461538461538461,1.0,0.9102564102564104,1.2307692307692308
B_EARLY_MIDDLE_TO_LATE,capture_median,daily_profile,euclidean,9,13,0.8461538461538461,1.0,0.8974358974358974,1.3076923076923077
B_EARLY_MIDDLE_TO_LATE,capture_median,daily_profile,euclidean,90,13,0.8461538461538461,1.0,0.9230769230769231,1.1538461538461537
B_EARLY_MIDDLE_TO_LATE,capture_median,daily_profile,euclidean,92,13,0.8461538461538461,1.0,0.8999999999999999,1.3846153846153846
B_EARLY_MIDDLE_TO_LATE,capture_median,daily_profile,euclidean,96,13,0.6153846153846154,1.0,0.8076923076923077,1.3846153846153846
B_EARLY_MIDDLE_TO_LATE,capture_median,daily_profile,euclidean,97,13,1.0,1.0,1.0,1.0
B_EARLY_MIDDLE_TO_LATE,capture_median,daily_profile,euclidean,98,13,0.6153846153846154,1.0,0.8076923076923077,1.3846153846153846
B_EARLY_MIDDLE_TO_LATE,daily_balanced_median,capture,cosine,0,271,0.21033210332103322,0.6051660516605166,0.38189961084439944,6.527675276752768
B_EARLY_MIDDLE_TO_LATE,daily_balanced_median,capture,cosine,10,302,0.10264900662251655,0.4337748344370861,0.26001327740960095,11.35430463576159
B_EARLY_MIDDLE_TO_LATE,daily_balanced_median,capture,cosine,102,299,0.1605351170568562,0.5518394648829431,0.33928487618470743,6.478260869565218
B_EARLY_MIDDLE_TO_LATE,daily_balanced_median,capture,cosine,104,304,0.03618421052631579,0.18421052631578946,0.14395355588340833,22.13486842105263
B_EARLY_MIDDLE_TO_LATE,daily_balanced_median,capture,cosine,105,305,0.003278688524590164,0.5409836065573771,0.1961550471386537,6.649180327868852
B_EARLY_MIDDLE_TO_LATE,daily_balanced_median,capture,cosine,106,282,0.06382978723404255,0.7198581560283688,0.3420610516355197,4.404255319148936
B_EARLY_MIDDLE_TO_LATE,daily_balanced_median,capture,cosine,107,266,0.12781954887218044,0.39097744360902253,0.2757516810003711,9.481203007518797
B_EARLY_MIDDLE_TO_LATE,daily_balanced_median,capture,cosine,108,279,0.7275985663082437,0.7347670250896058,0.7383444395568001,9.562724014336917
B_EARLY_MIDDLE_TO_LATE,daily_balanced_median,capture,cosine,109,292,0.2191780821917808,0.660958904109589,0.4176172096548808,4.578767123287672
B_EARLY_MIDDLE_TO_LATE,daily_balanced_median,capture,cosine,11,285,0.5368421052631579,0.6771929824561403,0.6088089163450991,7.989473684210527
B_EARLY_MIDDLE_TO_LATE,daily_balanced_median,capture,cosine,110,223,0.2242152466367713,0.7399103139013453,0.38951507247221173,5.887892376681615
B_EARLY_MIDDLE_TO_LATE,daily_balanced_median,capture,cosine,113,307,0.1758957654723127,0.3811074918566775,0.29521240647950187,8.175895765472312
B_EARLY_MIDDLE_TO_LATE,daily_balanced_median,capture,cosine,117,305,0.1901639344262295,1.0,0.5841530054644809,1.8754098360655738
B_EARLY_MIDDLE_TO_LATE,daily_balanced_median,capture,cosine,12,304,0.023026315789473683,0.2532894736842105,0.13736452285323936,23.50986842105263
B_EARLY_MIDDLE_TO_LATE,daily_balanced_median,capture,cosine,14,265,0.19245283018867926,0.4716981132075472,0.3382417856746239,11.41132075471698
B_EARLY_MIDDLE_TO_LATE,daily_balanced_median,capture,cosine,18,304,0.11513157894736842,0.4144736842105263,0.26546855862728747,16.230263157894736
B_EARLY_MIDDLE_TO_LATE,daily_balanced_median,capture,cosine,2,298,0.016778523489932886,0.8288590604026845,0.3331839022275264,3.8758389261744965
B_EARLY_MIDDLE_TO_LATE,daily_balanced_median,capture,cosine,21,295,0.17627118644067796,0.4847457627118644,0.34255326716627027,7.328813559322034
B_EARLY_MIDDLE_TO_LATE,daily_balanced_median,capture,cosine,24,244,0.4344262295081967,0.6311475409836066,0.5417972136288634,6.512295081967213
B_EARLY_MIDDLE_TO_LATE,daily_balanced_median,capture,cosine,25,304,0.35855263157894735,0.5164473684210527,0.45519618356022457,8.828947368421053
B_EARLY_MIDDLE_TO_LATE,daily_balanced_median,capture,cosine,27,303,0.0297029702970297,0.37293729372937295,0.19194898061545543,14.207920792079207
B_EARLY_MIDDLE_TO_LATE,daily_balanced_median,capture,cosine,28,294,0.43537414965986393,0.8061224489795918,0.5884964444763364,3.391156462585034
B_EARLY_MIDDLE_TO_LATE,daily_balanced_median,capture,cosine,29,305,0.006557377049180328,0.036065573770491806,0.07670385594920617,17.62950819672131
B_EARLY_MIDDLE_TO_LATE,daily_balanced_median,capture,cosine,31,269,0.3680297397769517,0.8066914498141264,0.5441797957733887,3.550185873605948
B_EARLY_MIDDLE_TO_LATE,daily_balanced_median,capture,cosine,34,290,0.13793103448275862,0.33793103448275863,0.2562529883797542,14.575862068965517
B_EARLY_MIDDLE_TO_LATE,daily_balanced_median,capture,cosine,35,298,0.18120805369127516,0.4563758389261745,0.3255671607789026,8.228187919463087
B_EARLY_MIDDLE_TO_LATE,daily_balanced_median,capture,cosine,36,299,0.4180602006688963,0.6287625418060201,0.5255395038371916,6.260869565217392
B_EARLY_MIDDLE_TO_LATE,daily_balanced_median,capture,cosine,37,304,0.10197368421052631,0.32894736842105265,0.23023541468473221,11.8125
B_EARLY_MIDDLE_TO_LATE,daily_balanced_median,capture,cosine,39,298,0.2516778523489933,0.6543624161073825,0.4300049064853645,4.758389261744966
B_EARLY_MIDDLE_TO_LATE,daily_balanced_median,capture,cosine,40,300,0.04,0.3933333333333333,0.17677465604395085,19.223333333333333
B_EARLY_MIDDLE_TO_LATE,daily_balanced_median,capture,cosine,41,239,0.5062761506276151,0.7531380753138075,0.62002434083362,5.2803347280334725
B_EARLY_MIDDLE_TO_LATE,daily_balanced_median,capture,cosine,42,270,0.08148148148148149,0.837037037037037,0.31833774250440916,4.214814814814815
B_EARLY_MIDDLE_TO_LATE,daily_balanced_median,capture,cosine,43,286,0.34615384615384615,0.6538461538461539,0.5085859847223484,3.7587412587412588
B_EARLY_MIDDLE_TO_LATE,daily_balanced_median,capture,cosine,45,270,0.018518518518518517,0.18888888888888888,0.12526804528239635,19.651851851851852
B_EARLY_MIDDLE_TO_LATE,daily_balanced_median,capture,cosine,46,218,0.0045871559633027525,0.5229357798165137,0.21675496506851066,6.261467889908257
B_EARLY_MIDDLE_TO_LATE,daily_balanced_median,capture,cosine,47,306,0.08169934640522876,0.34967320261437906,0.23414062064707128,9.486928104575163
B_EARLY_MIDDLE_TO_LATE,daily_balanced_median,capture,cosine,48,253,0.003952569169960474,0.06324110671936758,0.09647053306823239,13.50197628458498
B_EARLY_MIDDLE_TO_LATE,daily_balanced_median,capture,cosine,50,303,0.0165016501650165,0.1617161716171617,0.11093874519637775,18.81188118811881
B_EARLY_MIDDLE_TO_LATE,daily_balanced_median,capture,cosine,51,255,0.2784313725490196,0.6666666666666666,0.45722023436170045,4.458823529411765
B_EARLY_MIDDLE_TO_LATE,daily_balanced_median,capture,cosine,52,301,0.1893687707641196,0.4717607973421927,0.32619378928255477,11.046511627906977
B_EARLY_MIDDLE_TO_LATE,daily_balanced_median,capture,cosine,53,302,0.2185430463576159,0.6456953642384106,0.39045887224105713,5.1490066225165565
B_EARLY_MIDDLE_TO_LATE,daily_balanced_median,capture,cosine,54,303,0.38283828382838286,0.6765676567656765,0.533234696367438,6.023102310231023
B_EARLY_MIDDLE_TO_LATE,daily_balanced_median,capture,cosine,55,289,0.30103806228373703,0.5397923875432526,0.4358054655797763,9.124567474048442
B_EARLY_MIDDLE_TO_LATE,daily_balanced_median,capture,cosine,57,245,0.02040816326530612,0.2653061224489796,0.17490459132400116,7.914285714285715
B_EARLY_MIDDLE_TO_LATE,daily_balanced_median,capture,cosine,6,283,0.20848056537102475,0.5936395759717314,0.4019738618964352,5.72791519434629
B_EARLY_MIDDLE_TO_LATE,daily_balanced_median,capture,cosine,60,303,0.04950495049504951,0.3069306930693069,0.19228673147291178,10.0
B_EARLY_MIDDLE_TO_LATE,daily_balanced_median,capture,cosine,61,302,0.31125827814569534,0.695364238410596,0.4986083357671038,4.970198675496689
B_EARLY_MIDDLE_TO_LATE,daily_balanced_median,capture,cosine,63,303,0.17491749174917492,0.47854785478547857,0.3294593594825159,7.70957095709571
B_EARLY_MIDDLE_TO_LATE,daily_balanced_median,capture,cosine,68,302,0.0695364238410596,0.2814569536423841,0.1830127940560461,19.00662251655629
B_EARLY_MIDDLE_TO_LATE,daily_balanced_median,capture,cosine,7,303,0.3201320132013201,0.570957095709571,0.43531161965741527,11.858085808580858
B_EARLY_MIDDLE_TO_LATE,daily_balanced_median,capture,cosine,71,305,0.0,0.0,0.017227877057376988,59.544262295081964
B_EARLY_MIDDLE_TO_LATE,daily_balanced_median,capture,cosine,72,282,0.06382978723404255,0.29432624113475175,0.19040354776897367,13.109929078014185
B_EARLY_MIDDLE_TO_LATE,daily_balanced_median,capture,cosine,76,270,0.16296296296296298,0.44814814814814813,0.3204893551646997,8.718518518518518
B_EARLY_MIDDLE_TO_LATE,daily_balanced_median,capture,cosine,77,290,0.0,0.0,0.019995779198701602,51.97931034482759
B_EARLY_MIDDLE_TO_LATE,daily_balanced_median,capture,cosine,78,306,0.12091503267973856,0.4411764705882353,0.2889191218384743,10.584967320261438
B_EARLY_MIDDLE_TO_LATE,daily_balanced_median,capture,cosine,80,309,0.3818770226537217,0.5889967637540453,0.48352925179723244,7.883495145631068
B_EARLY_MIDDLE_TO_LATE,daily_balanced_median,capture,cosine,81,258,0.45348837209302323,0.8527131782945736,0.6192777907502377,3.13953488372093
B_EARLY_MIDDLE_TO_LATE,daily_balanced_median,capture,cosine,86,300,0.44333333333333336,1.0,0.6527777777777777,1.97
B_EARLY_MIDDLE_TO_LATE,daily_balanced_median,capture,cosine,89,307,0.1465798045602606,0.38436482084690554,0.2725841666014922,13.153094462540716
B_EARLY_MIDDLE_TO_LATE,daily_balanced_median,capture,cosine,9,303,0.0594059405940594,0.5082508250825083,0.2590433264593219,9.762376237623762
B_EARLY_MIDDLE_TO_LATE,daily_balanced_median,capture,cosine,90,300,0.24333333333333335,0.4166666666666667,0.341934002381868,17.783333333333335
B_EARLY_MIDDLE_TO_LATE,daily_balanced_median,capture,cosine,92,216,0.08333333333333333,0.5370370370370371,0.2888060599205035,6.166666666666667
B_EARLY_MIDDLE_TO_LATE,daily_balanced_median,capture,cosine,96,286,0.18181818181818182,0.6538461538461539,0.3999145260625185,5.181818181818182
B_EARLY_MIDDLE_TO_LATE,daily_balanced_median,capture,cosine,97,290,0.6620689655172414,1.0,0.7925287356321838,1.5689655172413792
B_EARLY_MIDDLE_TO_LATE,daily_balanced_median,capture,cosine,98,306,0.17320261437908496,0.434640522875817,0.30772974818607746,9.77124183006536
B_EARLY_MIDDLE_TO_LATE,daily_balanced_median,capture,euclidean,0,271,0.23616236162361623,0.8339483394833949,0.4904825271441292,3.6014760147601477
B_EARLY_MIDDLE_TO_LATE,daily_balanced_median,capture,euclidean,10,302,0.09933774834437085,0.5331125827814569,0.29959121209069395,7.701986754966887
B_EARLY_MIDDLE_TO_LATE,daily_balanced_median,capture,euclidean,102,299,0.056856187290969896,0.41471571906354515,0.21945113684340403,9.361204013377927
B_EARLY_MIDDLE_TO_LATE,daily_balanced_median,capture,euclidean,104,304,0.11513157894736842,0.4440789473684211,0.2910903602572454,8.549342105263158
B_EARLY_MIDDLE_TO_LATE,daily_balanced_median,capture,euclidean,105,305,0.01639344262295082,0.8098360655737705,0.2925837413952168,4.255737704918033
B_EARLY_MIDDLE_TO_LATE,daily_balanced_median,capture,euclidean,106,282,0.0673758865248227,0.6170212765957447,0.3210002898317776,5.067375886524823
B_EARLY_MIDDLE_TO_LATE,daily_balanced_median,capture,euclidean,107,266,0.18045112781954886,0.5112781954887218,0.3384356953721759,7.469924812030075
B_EARLY_MIDDLE_TO_LATE,daily_balanced_median,capture,euclidean,108,279,0.7060931899641577,0.7132616487455197,0.7129753341839655,17.387096774193548
B_EARLY_MIDDLE_TO_LATE,daily_balanced_median,capture,euclidean,109,292,0.23972602739726026,0.613013698630137,0.4149923580855766,5.359589041095891
B_EARLY_MIDDLE_TO_LATE,daily_balanced_median,capture,euclidean,11,285,0.5298245614035088,0.631578947368421,0.5892258942250379,10.178947368421053
B_EARLY_MIDDLE_TO_LATE,daily_balanced_median,capture,euclidean,110,223,0.15695067264573992,0.5919282511210763,0.29915399049214025,11.15695067264574
B_EARLY_MIDDLE_TO_LATE,daily_balanced_median,capture,euclidean,113,307,0.16286644951140064,0.3713355048859935,0.28010182457771626,10.296416938110749
B_EARLY_MIDDLE_TO_LATE,daily_balanced_median,capture,euclidean,117,305,0.18360655737704917,1.0,0.578688524590164,1.8950819672131147
B_EARLY_MIDDLE_TO_LATE,daily_balanced_median,capture,euclidean,12,304,0.006578947368421052,0.28618421052631576,0.1240938597692538,20.957236842105264
B_EARLY_MIDDLE_TO_LATE,daily_balanced_median,capture,euclidean,14,265,0.19622641509433963,0.6113207547169811,0.3742343986094034,6.856603773584905
B_EARLY_MIDDLE_TO_LATE,daily_balanced_median,capture,euclidean,18,304,0.13157894736842105,0.555921052631579,0.3392240788321084,6.592105263157895
B_EARLY_MIDDLE_TO_LATE,daily_balanced_median,capture,euclidean,2,298,0.030201342281879196,0.87248322147651,0.32648462153332014,4.238255033557047
B_EARLY_MIDDLE_TO_LATE,daily_balanced_median,capture,euclidean,21,295,0.23389830508474577,0.559322033898305,0.39646687497083677,5.894915254237288
B_EARLY_MIDDLE_TO_LATE,daily_balanced_median,capture,euclidean,24,244,0.4959016393442623,0.7254098360655737,0.6027728405450982,5.418032786885246
B_EARLY_MIDDLE_TO_LATE,daily_balanced_median,capture,euclidean,25,304,0.3815789473684211,0.6151315789473685,0.5112643606238858,5.9868421052631575
B_EARLY_MIDDLE_TO_LATE,daily_balanced_median,capture,euclidean,27,303,0.026402640264026403,0.46204620462046203,0.2340476870433463,7.861386138613861
B_EARLY_MIDDLE_TO_LATE,daily_balanced_median,capture,euclidean,28,294,0.5068027210884354,0.7517006802721088,0.6146743516986755,5.010204081632653
B_EARLY_MIDDLE_TO_LATE,daily_balanced_median,capture,euclidean,29,305,0.006557377049180328,0.05901639344262295,0.09156356063024411,14.839344262295082
B_EARLY_MIDDLE_TO_LATE,daily_balanced_median,capture,euclidean,31,269,0.3420074349442379,0.7732342007434945,0.517759859048657,3.9516728624535316
B_EARLY_MIDDLE_TO_LATE,daily_balanced_median,capture,euclidean,34,290,0.16896551724137931,0.5172413793103449,0.3367739037952809,6.244827586206896
B_EARLY_MIDDLE_TO_LATE,daily_balanced_median,capture,euclidean,35,298,0.2181208053691275,0.7348993288590604,0.4190415905455529,4.724832214765101
B_EARLY_MIDDLE_TO_LATE,daily_balanced_median,capture,euclidean,36,299,0.4180602006688963,0.5919732441471572,0.5068800633423655,8.528428093645484
B_EARLY_MIDDLE_TO_LATE,daily_balanced_median,capture,euclidean,37,304,0.10855263157894737,0.5164473684210527,0.29057290560531657,6.276315789473684
B_EARLY_MIDDLE_TO_LATE,daily_balanced_median,capture,euclidean,39,298,0.23825503355704697,0.7483221476510067,0.4532013099982212,4.093959731543624
B_EARLY_MIDDLE_TO_LATE,daily_balanced_median,capture,euclidean,40,300,0.0,0.44666666666666666,0.20178639626153774,17.273333333333333
B_EARLY_MIDDLE_TO_LATE,daily_balanced_median,capture,euclidean,41,239,0.5648535564853556,0.7071129707112971,0.6419700013629704,7.309623430962343
B_EARLY_MIDDLE_TO_LATE,daily_balanced_median,capture,euclidean,42,270,0.1,0.937037037037037,0.39058788947677836,3.325925925925926
B_EARLY_MIDDLE_TO_LATE,daily_balanced_median,capture,euclidean,43,286,0.3776223776223776,0.7692307692307693,0.5417983157776453,3.5874125874125875
B_EARLY_MIDDLE_TO_LATE,daily_balanced_median,capture,euclidean,45,270,0.22962962962962963,0.37037037037037035,0.330137098882191,10.137037037037038
B_EARLY_MIDDLE_TO_LATE,daily_balanced_median,capture,euclidean,46,218,0.08256880733944955,0.6834862385321101,0.29058363909281343,4.821100917431193
B_EARLY_MIDDLE_TO_LATE,daily_balanced_median,capture,euclidean,47,306,0.08169934640522876,0.3758169934640523,0.24444455680174626,8.973856209150327
B_EARLY_MIDDLE_TO_LATE,daily_balanced_median,capture,euclidean,48,253,0.007905138339920948,0.15810276679841898,0.13359738546430136,10.41897233201581
B_EARLY_MIDDLE_TO_LATE,daily_balanced_median,capture,euclidean,50,303,0.019801980198019802,0.43564356435643564,0.2075457247624357,8.521452145214521
B_EARLY_MIDDLE_TO_LATE,daily_balanced_median,capture,euclidean,51,255,0.30196078431372547,0.6941176470588235,0.48685722403326837,4.333333333333333
B_EARLY_MIDDLE_TO_LATE,daily_balanced_median,capture,euclidean,52,301,0.22259136212624583,0.5614617940199336,0.3805810892834493,7.631229235880399
B_EARLY_MIDDLE_TO_LATE,daily_balanced_median,capture,euclidean,53,302,0.24503311258278146,0.7715231788079471,0.44328055106359593,4.248344370860927
B_EARLY_MIDDLE_TO_LATE,daily_balanced_median,capture,euclidean,54,303,0.5445544554455446,0.8646864686468647,0.6865258278554248,3.283828382838284
B_EARLY_MIDDLE_TO_LATE,daily_balanced_median,capture,euclidean,55,289,0.32525951557093424,0.698961937716263,0.4999539823192436,5.72318339100346
B_EARLY_MIDDLE_TO_LATE,daily_balanced_median,capture,euclidean,57,245,0.004081632653061225,0.2163265306122449,0.1595930115041967,10.036734693877552
B_EARLY_MIDDLE_TO_LATE,daily_balanced_median,capture,euclidean,6,283,0.36042402826855124,0.6466431095406361,0.5094984962034432,4.3674911660777385
B_EARLY_MIDDLE_TO_LATE,daily_balanced_median,capture,euclidean,60,303,0.056105610561056105,0.37623762376237624,0.22439643515548557,7.788778877887789
B_EARLY_MIDDLE_TO_LATE,daily_balanced_median,capture,euclidean,61,302,0.4370860927152318,0.7649006622516556,0.5891370147428019,5.437086092715232
B_EARLY_MIDDLE_TO_LATE,daily_balanced_median,capture,euclidean,63,303,0.17491749174917492,0.6633663366336634,0.371550283905242,5.838283828382838
B_EARLY_MIDDLE_TO_LATE,daily_balanced_median,capture,euclidean,68,302,0.08940397350993377,0.3509933774834437,0.22202276268363072,11.410596026490067
B_EARLY_MIDDLE_TO_LATE,daily_balanced_median,capture,euclidean,7,303,0.3102310231023102,0.5379537953795379,0.42113110106499035,10.369636963696369
B_EARLY_MIDDLE_TO_LATE,daily_balanced_median,capture,euclidean,71,305,0.0,0.0,0.015384615384615385,65.0
B_EARLY_MIDDLE_TO_LATE,daily_balanced_median,capture,euclidean,72,282,0.10638297872340426,0.6063829787234043,0.3146429218977964,5.822695035460993
B_EARLY_MIDDLE_TO_LATE,daily_balanced_median,capture,euclidean,76,270,0.23703703703703705,0.5259259259259259,0.38322134025588894,8.344444444444445
B_EARLY_MIDDLE_TO_LATE,daily_balanced_median,capture,euclidean,77,290,0.0,0.0,0.016439372643366243,60.84827586206897
B_EARLY_MIDDLE_TO_LATE,daily_balanced_median,capture,euclidean,78,306,0.19281045751633988,0.630718954248366,0.39200963219662055,5.6568627450980395
B_EARLY_MIDDLE_TO_LATE,daily_balanced_median,capture,euclidean,80,309,0.3268608414239482,0.5436893203883495,0.4363525126295566,9.6957928802589
B_EARLY_MIDDLE_TO_LATE,daily_balanced_median,capture,euclidean,81,258,0.5930232558139535,0.8875968992248062,0.7156505897840197,2.891472868217054
B_EARLY_MIDDLE_TO_LATE,daily_balanced_median,capture,euclidean,86,300,0.43666666666666665,1.0,0.6472222222222221,1.99
B_EARLY_MIDDLE_TO_LATE,daily_balanced_median,capture,euclidean,89,307,0.19218241042345277,0.6775244299674267,0.3886434322102075,4.778501628664495
B_EARLY_MIDDLE_TO_LATE,daily_balanced_median,capture,euclidean,9,303,0.132013201320132,0.5313531353135313,0.31296976346973304,8.547854785478547
B_EARLY_MIDDLE_TO_LATE,daily_balanced_median,capture,euclidean,90,300,0.2866666666666667,0.62,0.43412282198145646,7.493333333333333
B_EARLY_MIDDLE_TO_LATE,daily_balanced_median,capture,euclidean,92,216,0.3425925925925926,0.6990740740740741,0.5081287796565574,4.125
B_EARLY_MIDDLE_TO_LATE,daily_balanced_median,capture,euclidean,96,286,0.21678321678321677,0.6223776223776224,0.409034930061431,5.758741258741258
B_EARLY_MIDDLE_TO_LATE,daily_balanced_median,capture,euclidean,97,290,0.6586206896551724,1.0,0.7913793103448276,1.5689655172413792
B_EARLY_MIDDLE_TO_LATE,daily_balanced_median,capture,euclidean,98,306,0.17320261437908496,0.4738562091503268,0.31705447781098983,8.637254901960784
B_EARLY_MIDDLE_TO_LATE,daily_balanced_median,daily_profile,cosine,0,13,0.6923076923076923,1.0,0.7948717948717949,1.6923076923076923
B_EARLY_MIDDLE_TO_LATE,daily_balanced_median,daily_profile,cosine,10,13,0.6923076923076923,1.0,0.8269230769230769,1.4615384615384615
B_EARLY_MIDDLE_TO_LATE,daily_balanced_median,daily_profile,cosine,102,13,0.23076923076923078,0.9230769230769231,0.48269230769230764,3.076923076923077
B_EARLY_MIDDLE_TO_LATE,daily_balanced_median,daily_profile,cosine,104,13,0.6923076923076923,1.0,0.8461538461538461,1.3076923076923077
B_EARLY_MIDDLE_TO_LATE,daily_balanced_median,daily_profile,cosine,105,13,0.0,1.0,0.23333333333333336,4.384615384615385
B_EARLY_MIDDLE_TO_LATE,daily_balanced_median,daily_profile,cosine,106,13,0.46153846153846156,1.0,0.7179487179487178,1.6153846153846154
B_EARLY_MIDDLE_TO_LATE,daily_balanced_median,daily_profile,cosine,107,13,0.6923076923076923,0.8461538461538461,0.7813519813519813,3.0
B_EARLY_MIDDLE_TO_LATE,daily_balanced_median,daily_profile,cosine,108,13,0.8461538461538461,0.9230769230769231,0.875,1.7692307692307692
B_EARLY_MIDDLE_TO_LATE,daily_balanced_median,daily_profile,cosine,109,13,0.8461538461538461,0.9230769230769231,0.8827838827838826,1.6153846153846154
B_EARLY_MIDDLE_TO_LATE,daily_balanced_median,daily_profile,cosine,11,13,0.8461538461538461,1.0,0.8999999999999999,1.3846153846153846
B_EARLY_MIDDLE_TO_LATE,daily_balanced_median,daily_profile,cosine,110,13,0.5384615384615384,1.0,0.6858974358974359,2.076923076923077
B_EARLY_MIDDLE_TO_LATE,daily_balanced_median,daily_profile,cosine,113,13,0.5384615384615384,0.9230769230769231,0.6820512820512821,2.3076923076923075
B_EARLY_MIDDLE_TO_LATE,daily_balanced_median,daily_profile,cosine,117,13,0.07692307692307693,1.0,0.49999999999999994,2.1538461538461537
B_EARLY_MIDDLE_TO_LATE,daily_balanced_median,daily_profile,cosine,12,13,0.3076923076923077,0.6153846153846154,0.4522015959864975,9.076923076923077
B_EARLY_MIDDLE_TO_LATE,daily_balanced_median,daily_profile,cosine,14,13,0.8461538461538461,1.0,0.9102564102564104,1.2307692307692308
B_EARLY_MIDDLE_TO_LATE,daily_balanced_median,daily_profile,cosine,18,13,0.8461538461538461,1.0,0.9102564102564104,1.2307692307692308
B_EARLY_MIDDLE_TO_LATE,daily_balanced_median,daily_profile,cosine,2,13,0.0,1.0,0.34615384615384615,2.923076923076923
B_EARLY_MIDDLE_TO_LATE,daily_balanced_median,daily_profile,cosine,21,13,0.9230769230769231,1.0,0.9384615384615385,1.3076923076923077
B_EARLY_MIDDLE_TO_LATE,daily_balanced_median,daily_profile,cosine,24,13,0.9230769230769231,1.0,0.9615384615384616,1.0769230769230769
B_EARLY_MIDDLE_TO_LATE,daily_balanced_median,daily_profile,cosine,25,13,1.0,1.0,1.0,1.0
B_EARLY_MIDDLE_TO_LATE,daily_balanced_median,daily_profile,cosine,27,13,0.7692307692307693,1.0,0.8846153846153846,1.2307692307692308
B_EARLY_MIDDLE_TO_LATE,daily_balanced_median,daily_profile,cosine,28,13,0.23076923076923078,1.0,0.5705128205128205,2.076923076923077
B_EARLY_MIDDLE_TO_LATE,daily_balanced_median,daily_profile,cosine,29,13,0.0,0.0,0.060519842214888646,16.692307692307693
B_EARLY_MIDDLE_TO_LATE,daily_balanced_median,daily_profile,cosine,31,13,1.0,1.0,1.0,1.0
B_EARLY_MIDDLE_TO_LATE,daily_balanced_median,daily_profile,cosine,34,13,1.0,1.0,1.0,1.0
B_EARLY_MIDDLE_TO_LATE,daily_balanced_median,daily_profile,cosine,35,13,0.7692307692307693,1.0,0.8846153846153846,1.2307692307692308
B_EARLY_MIDDLE_TO_LATE,daily_balanced_median,daily_profile,cosine,36,13,1.0,1.0,1.0,1.0
B_EARLY_MIDDLE_TO_LATE,daily_balanced_median,daily_profile,cosine,37,13,0.8461538461538461,0.9230769230769231,0.8923076923076922,1.7692307692307692
B_EARLY_MIDDLE_TO_LATE,daily_balanced_median,daily_profile,cosine,39,13,0.9230769230769231,1.0,0.9615384615384616,1.0769230769230769
B_EARLY_MIDDLE_TO_LATE,daily_balanced_median,daily_profile,cosine,40,13,0.46153846153846156,0.9230769230769231,0.6307692307692309,2.4615384615384617
B_EARLY_MIDDLE_TO_LATE,daily_balanced_median,daily_profile,cosine,41,13,1.0,1.0,1.0,1.0
B_EARLY_MIDDLE_TO_LATE,daily_balanced_median,daily_profile,cosine,42,13,0.23076923076923078,1.0,0.5384615384615384,2.3076923076923075
B_EARLY_MIDDLE_TO_LATE,daily_balanced_median,daily_profile,cosine,43,13,0.7692307692307693,1.0,0.8589743589743589,1.3846153846153846
B_EARLY_MIDDLE_TO_LATE,daily_balanced_median,daily_profile,cosine,45,13,0.23076923076923078,0.38461538461538464,0.3227655677655678,10.846153846153847
B_EARLY_MIDDLE_TO_LATE,daily_balanced_median,daily_profile,cosine,46,13,0.3076923076923077,0.9230769230769231,0.6019230769230769,2.3846153846153846
B_EARLY_MIDDLE_TO_LATE,daily_balanced_median,daily_profile,cosine,47,13,0.6923076923076923,1.0,0.814102564102564,1.5384615384615385
B_EARLY_MIDDLE_TO_LATE,daily_balanced_median,daily_profile,cosine,48,13,0.0,0.15384615384615385,0.11480357249588019,10.076923076923077
B_EARLY_MIDDLE_TO_LATE,daily_balanced_median,daily_profile,cosine,50,13,0.23076923076923078,0.6923076923076923,0.39902319902319905,4.538461538461538
B_EARLY_MIDDLE_TO_LATE,daily_balanced_median,daily_profile,cosine,51,13,0.9230769230769231,1.0,0.9615384615384616,1.0769230769230769
B_EARLY_MIDDLE_TO_LATE,daily_balanced_median,daily_profile,cosine,52,13,0.8461538461538461,0.9230769230769231,0.8897435897435897,2.1538461538461537
B_EARLY_MIDDLE_TO_LATE,daily_balanced_median,daily_profile,cosine,53,13,0.8461538461538461,1.0,0.9102564102564101,1.2307692307692308
B_EARLY_MIDDLE_TO_LATE,daily_balanced_median,daily_profile,cosine,54,13,1.0,1.0,1.0,1.0
B_EARLY_MIDDLE_TO_LATE,daily_balanced_median,daily_profile,cosine,55,13,0.8461538461538461,1.0,0.9230769230769231,1.1538461538461537
B_EARLY_MIDDLE_TO_LATE,daily_balanced_median,daily_profile,cosine,57,13,0.07692307692307693,0.5384615384615384,0.2426739926739927,5.384615384615385
B_EARLY_MIDDLE_TO_LATE,daily_balanced_median,daily_profile,cosine,6,13,0.3076923076923077,0.8461538461538461,0.5226495726495726,3.3076923076923075
B_EARLY_MIDDLE_TO_LATE,daily_balanced_median,daily_profile,cosine,60,13,0.5384615384615384,0.6153846153846154,0.6341575091575092,3.3076923076923075
B_EARLY_MIDDLE_TO_LATE,daily_balanced_median,daily_profile,cosine,61,13,1.0,1.0,1.0,1.0
B_EARLY_MIDDLE_TO_LATE,daily_balanced_median,daily_profile,cosine,63,13,0.5384615384615384,0.9230769230769231,0.7243589743589745,1.9230769230769231
B_EARLY_MIDDLE_TO_LATE,daily_balanced_median,daily_profile,cosine,68,13,0.38461538461538464,0.46153846153846156,0.4628697827227239,10.153846153846153
B_EARLY_MIDDLE_TO_LATE,daily_balanced_median,daily_profile,cosine,7,13,1.0,1.0,1.0,1.0
B_EARLY_MIDDLE_TO_LATE,daily_balanced_median,daily_profile,cosine,71,13,0.0,0.0,0.015495562130177516,64.53846153846153
B_EARLY_MIDDLE_TO_LATE,daily_balanced_median,daily_profile,cosine,72,13,0.8461538461538461,1.0,0.9102564102564104,1.2307692307692308
B_EARLY_MIDDLE_TO_LATE,daily_balanced_median,daily_profile,cosine,76,13,0.8461538461538461,0.9230769230769231,0.8974358974358974,1.4615384615384615
B_EARLY_MIDDLE_TO_LATE,daily_balanced_median,daily_profile,cosine,77,13,0.0,0.0,0.016452649012351515,60.84615384615385
B_EARLY_MIDDLE_TO_LATE,daily_balanced_median,daily_profile,cosine,78,13,0.8461538461538461,1.0,0.9230769230769231,1.1538461538461537
B_EARLY_MIDDLE_TO_LATE,daily_balanced_median,daily_profile,cosine,80,13,0.46153846153846156,0.5384615384615384,0.539707368654737,6.615384615384615
B_EARLY_MIDDLE_TO_LATE,daily_balanced_median,daily_profile,cosine,81,13,1.0,1.0,1.0,1.0
B_EARLY_MIDDLE_TO_LATE,daily_balanced_median,daily_profile,cosine,86,13,0.6923076923076923,1.0,0.8333333333333333,1.3846153846153846
B_EARLY_MIDDLE_TO_LATE,daily_balanced_median,daily_profile,cosine,89,13,0.8461538461538461,0.9230769230769231,0.8763736263736264,1.6923076923076923
B_EARLY_MIDDLE_TO_LATE,daily_balanced_median,daily_profile,cosine,9,13,0.7692307692307693,1.0,0.8487179487179487,1.5384615384615385
B_EARLY_MIDDLE_TO_LATE,daily_balanced_median,daily_profile,cosine,90,13,0.8461538461538461,1.0,0.8974358974358974,1.3076923076923077
B_EARLY_MIDDLE_TO_LATE,daily_balanced_median,daily_profile,cosine,92,13,0.6923076923076923,0.9230769230769231,0.7788461538461539,2.0
B_EARLY_MIDDLE_TO_LATE,daily_balanced_median,daily_profile,cosine,96,13,0.38461538461538464,1.0,0.641025641025641,1.9230769230769231
B_EARLY_MIDDLE_TO_LATE,daily_balanced_median,daily_profile,cosine,97,13,1.0,1.0,1.0,1.0
B_EARLY_MIDDLE_TO_LATE,daily_balanced_median,daily_profile,cosine,98,13,0.8461538461538461,1.0,0.9230769230769231,1.1538461538461537
B_EARLY_MIDDLE_TO_LATE,daily_balanced_median,daily_profile,euclidean,0,13,0.8461538461538461,1.0,0.9230769230769231,1.1538461538461537
B_EARLY_MIDDLE_TO_LATE,daily_balanced_median,daily_profile,euclidean,10,13,0.6923076923076923,1.0,0.8269230769230769,1.4615384615384615
B_EARLY_MIDDLE_TO_LATE,daily_balanced_median,daily_profile,euclidean,102,13,0.07692307692307693,0.6923076923076923,0.3787878787878788,3.8461538461538463
B_EARLY_MIDDLE_TO_LATE,daily_balanced_median,daily_profile,euclidean,104,13,0.6153846153846154,1.0,0.8076923076923077,1.3846153846153846
B_EARLY_MIDDLE_TO_LATE,daily_balanced_median,daily_profile,euclidean,105,13,0.0,1.0,0.34615384615384615,2.923076923076923
B_EARLY_MIDDLE_TO_LATE,daily_balanced_median,daily_profile,euclidean,106,13,0.46153846153846156,1.0,0.7307692307692307,1.5384615384615385
B_EARLY_MIDDLE_TO_LATE,daily_balanced_median,daily_profile,euclidean,107,13,0.8461538461538461,0.9230769230769231,0.8763736263736264,1.6923076923076923
B_EARLY_MIDDLE_TO_LATE,daily_balanced_median,daily_profile,euclidean,108,13,0.8461538461538461,0.8461538461538461,0.8490866432042903,8.923076923076923
B_EARLY_MIDDLE_TO_LATE,daily_balanced_median,daily_profile,euclidean,109,13,0.9230769230769231,0.9230769230769231,0.9316239316239316,1.6153846153846154
B_EARLY_MIDDLE_TO_LATE,daily_balanced_median,daily_profile,euclidean,11,13,0.6923076923076923,1.0,0.7948717948717949,1.6923076923076923
B_EARLY_MIDDLE_TO_LATE,daily_balanced_median,daily_profile,euclidean,110,13,0.7692307692307693,0.9230769230769231,0.8354700854700854,1.9230769230769231
B_EARLY_MIDDLE_TO_LATE,daily_balanced_median,daily_profile,euclidean,113,13,0.46153846153846156,0.8461538461538461,0.6391941391941393,2.5384615384615383
B_EARLY_MIDDLE_TO_LATE,daily_balanced_median,daily_profile,euclidean,117,13,0.07692307692307693,1.0,0.49999999999999994,2.1538461538461537
B_EARLY_MIDDLE_TO_LATE,daily_balanced_median,daily_profile,euclidean,12,13,0.07692307692307693,0.3076923076923077,0.2095755968169761,13.0
B_EARLY_MIDDLE_TO_LATE,daily_balanced_median,daily_profile,euclidean,14,13,0.8461538461538461,1.0,0.9102564102564104,1.2307692307692308
B_EARLY_MIDDLE_TO_LATE,daily_balanced_median,daily_profile,euclidean,18,13,0.7692307692307693,1.0,0.8717948717948718,1.3076923076923077
B_EARLY_MIDDLE_TO_LATE,daily_balanced_median,daily_profile,euclidean,2,13,0.0,1.0,0.3333333333333333,3.0
B_EARLY_MIDDLE_TO_LATE,daily_balanced_median,daily_profile,euclidean,21,13,1.0,1.0,1.0,1.0
B_EARLY_MIDDLE_TO_LATE,daily_balanced_median,daily_profile,euclidean,24,13,0.9230769230769231,1.0,0.9615384615384616,1.0769230769230769
B_EARLY_MIDDLE_TO_LATE,daily_balanced_median,daily_profile,euclidean,25,13,1.0,1.0,1.0,1.0
B_EARLY_MIDDLE_TO_LATE,daily_balanced_median,daily_profile,euclidean,27,13,0.7692307692307693,1.0,0.8717948717948717,1.3076923076923077
B_EARLY_MIDDLE_TO_LATE,daily_balanced_median,daily_profile,euclidean,28,13,0.23076923076923078,0.7692307692307693,0.4252136752136752,4.0
B_EARLY_MIDDLE_TO_LATE,daily_balanced_median,daily_profile,euclidean,29,13,0.0,0.0,0.07305414545233548,14.153846153846153
B_EARLY_MIDDLE_TO_LATE,daily_balanced_median,daily_profile,euclidean,31,13,1.0,1.0,1.0,1.0
B_EARLY_MIDDLE_TO_LATE,daily_balanced_median,daily_profile,euclidean,34,13,0.9230769230769231,1.0,0.9615384615384616,1.0769230769230769
B_EARLY_MIDDLE_TO_LATE,daily_balanced_median,daily_profile,euclidean,35,13,0.7692307692307693,1.0,0.8846153846153846,1.2307692307692308
B_EARLY_MIDDLE_TO_LATE,daily_balanced_median,daily_profile,euclidean,36,13,1.0,1.0,1.0,1.0
B_EARLY_MIDDLE_TO_LATE,daily_balanced_median,daily_profile,euclidean,37,13,0.8461538461538461,1.0,0.9102564102564101,1.2307692307692308
B_EARLY_MIDDLE_TO_LATE,daily_balanced_median,daily_profile,euclidean,39,13,0.9230769230769231,1.0,0.9615384615384616,1.0769230769230769
B_EARLY_MIDDLE_TO_LATE,daily_balanced_median,daily_profile,euclidean,40,13,0.46153846153846156,0.9230769230769231,0.6648351648351648,2.1538461538461537
B_EARLY_MIDDLE_TO_LATE,daily_balanced_median,daily_profile,euclidean,41,13,1.0,1.0,1.0,1.0
B_EARLY_MIDDLE_TO_LATE,daily_balanced_median,daily_profile,euclidean,42,13,0.3076923076923077,1.0,0.6025641025641025,2.076923076923077
B_EARLY_MIDDLE_TO_LATE,daily_balanced_median,daily_profile,euclidean,43,13,0.8461538461538461,1.0,0.8974358974358974,1.3076923076923077
B_EARLY_MIDDLE_TO_LATE,daily_balanced_median,daily_profile,euclidean,45,13,0.23076923076923078,0.5384615384615384,0.37652155536770915,6.076923076923077
B_EARLY_MIDDLE_TO_LATE,daily_balanced_median,daily_profile,euclidean,46,13,0.3076923076923077,0.8461538461538461,0.5964590964590964,2.6153846153846154
B_EARLY_MIDDLE_TO_LATE,daily_balanced_median,daily_profile,euclidean,47,13,0.6153846153846154,1.0,0.7756410256410255,1.6153846153846154
B_EARLY_MIDDLE_TO_LATE,daily_balanced_median,daily_profile,euclidean,48,13,0.0,0.3076923076923077,0.16016761016761016,7.461538461538462
B_EARLY_MIDDLE_TO_LATE,daily_balanced_median,daily_profile,euclidean,50,13,0.23076923076923078,0.9230769230769231,0.44816849816849813,3.3846153846153846
B_EARLY_MIDDLE_TO_LATE,daily_balanced_median,daily_profile,euclidean,51,13,0.7692307692307693,1.0,0.8846153846153846,1.2307692307692308
B_EARLY_MIDDLE_TO_LATE,daily_balanced_median,daily_profile,euclidean,52,13,0.8461538461538461,0.9230769230769231,0.891025641025641,1.9230769230769231
B_EARLY_MIDDLE_TO_LATE,daily_balanced_median,daily_profile,euclidean,53,13,0.7692307692307693,1.0,0.8717948717948717,1.3076923076923077
B_EARLY_MIDDLE_TO_LATE,daily_balanced_median,daily_profile,euclidean,54,13,1.0,1.0,1.0,1.0
B_EARLY_MIDDLE_TO_LATE,daily_balanced_median,daily_profile,euclidean,55,13,0.6923076923076923,1.0,0.8461538461538461,1.3076923076923077
B_EARLY_MIDDLE_TO_LATE,daily_balanced_median,daily_profile,euclidean,57,13,0.07692307692307693,0.46153846153846156,0.24243697478991597,6.923076923076923
B_EARLY_MIDDLE_TO_LATE,daily_balanced_median,daily_profile,euclidean,6,13,0.46153846153846156,0.9230769230769231,0.6243589743589744,2.4615384615384617
B_EARLY_MIDDLE_TO_LATE,daily_balanced_median,daily_profile,euclidean,60,13,0.5384615384615384,0.9230769230769231,0.6794871794871794,2.230769230769231
B_EARLY_MIDDLE_TO_LATE,daily_balanced_median,daily_profile,euclidean,61,13,1.0,1.0,1.0,1.0
B_EARLY_MIDDLE_TO_LATE,daily_balanced_median,daily_profile,euclidean,63,13,0.6153846153846154,1.0,0.7948717948717948,1.4615384615384615
B_EARLY_MIDDLE_TO_LATE,daily_balanced_median,daily_profile,euclidean,68,13,0.38461538461538464,0.6153846153846154,0.5106560106560106,4.923076923076923
B_EARLY_MIDDLE_TO_LATE,daily_balanced_median,daily_profile,euclidean,7,13,0.9230769230769231,1.0,0.9487179487179488,1.1538461538461537
B_EARLY_MIDDLE_TO_LATE,daily_balanced_median,daily_profile,euclidean,71,13,0.0,0.0,0.015384615384615385,65.0
B_EARLY_MIDDLE_TO_LATE,daily_balanced_median,daily_profile,euclidean,72,13,0.9230769230769231,1.0,0.9615384615384616,1.0769230769230769
B_EARLY_MIDDLE_TO_LATE,daily_balanced_median,daily_profile,euclidean,76,13,0.9230769230769231,1.0,0.9487179487179488,1.1538461538461537
B_EARLY_MIDDLE_TO_LATE,daily_balanced_median,daily_profile,euclidean,77,13,0.0,0.0,0.01647751155947877,60.69230769230769
B_EARLY_MIDDLE_TO_LATE,daily_balanced_median,daily_profile,euclidean,78,13,0.9230769230769231,1.0,0.9615384615384616,1.0769230769230769
B_EARLY_MIDDLE_TO_LATE,daily_balanced_median,daily_profile,euclidean,80,13,0.38461538461538464,0.5384615384615384,0.48313161197776583,7.6923076923076925
B_EARLY_MIDDLE_TO_LATE,daily_balanced_median,daily_profile,euclidean,81,13,1.0,1.0,1.0,1.0
B_EARLY_MIDDLE_TO_LATE,daily_balanced_median,daily_profile,euclidean,86,13,0.7692307692307693,1.0,0.8846153846153846,1.2307692307692308
B_EARLY_MIDDLE_TO_LATE,daily_balanced_median,daily_profile,euclidean,89,13,0.8461538461538461,1.0,0.9102564102564101,1.2307692307692308
B_EARLY_MIDDLE_TO_LATE,daily_balanced_median,daily_profile,euclidean,9,13,0.8461538461538461,1.0,0.9102564102564104,1.2307692307692308
B_EARLY_MIDDLE_TO_LATE,daily_balanced_median,daily_profile,euclidean,90,13,0.9230769230769231,1.0,0.9615384615384616,1.0769230769230769
B_EARLY_MIDDLE_TO_LATE,daily_balanced_median,daily_profile,euclidean,92,13,0.7692307692307693,1.0,0.8615384615384615,1.4615384615384615
B_EARLY_MIDDLE_TO_LATE,daily_balanced_median,daily_profile,euclidean,96,13,0.5384615384615384,1.0,0.7564102564102563,1.5384615384615385
B_EARLY_MIDDLE_TO_LATE,daily_balanced_median,daily_profile,euclidean,97,13,1.0,1.0,1.0,1.0
B_EARLY_MIDDLE_TO_LATE,daily_balanced_median,daily_profile,euclidean,98,13,0.6923076923076923,1.0,0.8461538461538461,1.3076923076923077
